0.060008973191058496,-0.07658400866445489,-0.1865588105324798,-0.2359238073699271,-0.13596593291621212,-0.11734679013740223,-0.14647923516449673,0.13655180859588928,-0.22877921996607226,0.0879676231969591,0.23015548584636988,0.08175148253188533,0.11367636143236384,-0.12334768862143262,-0.029285416060505345,0.0041069981065514445,0.09930478720303343,-0.0020832146059888107,0.01877389817606253,-0.0022948653812691518,0.13155799730927084,-0.041961686574437766,-0.04764615543162977,0.009421332303104523
-0.19446742104957637,-0.03698566805204016,-0.09216038416579664,-0.19201900745332123,0.0045412847331467955,0.08495505884101578,0.137590227371367,0.12124405062420889,-0.12048961804414239,-0.032760499911659434,0.01251821423827597,-0.04812406153442645,0.04965722530241481,0.112402930855488,0.1013135807057181,-0.19927973490307563,0.08211008299265403,0.026462121398962583,0.14307156424006995,0.10722417093214266,-0.09696780013186987,0.03513741274451615,-0.06605917060837861,-0.07905480184604236
0.056739665632050795,0.0016929850735417592,0.130221879574682,-0.09052514804986532,0.020330117698079065,-0.04239890895573685,0.10995979207363024,-0.03505236147889697,0.07797757224540937,0.03829961375257124,0.02144969947094574,-0.05846975266054107,0.2371821783794971,0.07730403582824057,0.06604659314630888,0.008467281727841619,0.0818241037985337,-0.08810340659646622,-0.020751021659316943,-0.006257026934513062,0.018632291979835285,0.12293446711385655,-0.010931402255298572,-0.14719344966695302
-0.0833536895350205,0.18731789079504466,-0.00450864951946489,0.008979116929205012,0.06987118106606063,-0.06238736373400572,0.08563703781947855,-0.19036065230847493,-0.026219013573475638,-0.03890467809171548,-0.08081362054414236,0.047853127333500556,0.14492213595131084,-0.15755883803431323,-0.21026829384649126,0.004630763089837303,0.011592341556361936,-0.0444236086334795,0.13362008987064827,-0.03793157114517562,0.1918728223098562,-0.021336558715198337,0.020535929453838964,-0.08681860692183654
0.10747494125895195,0.08407466143669884,0.2205322491846883,-0.04003936546667565,-0.02502398477493686,-0.1809964407280174,0.06398909401800675,-0.094714121496977,-0.06451491773578198,0.14916439548910074,-0.014090115693276286,-0.09042195863674017,-0.10311679637337441,-0.14370647660050778,0.050357794580329795,0.20087472584593327,-0.015110471947171305,-0.07746540587136222,-0.04339031719418322,-0.08943069689107618,-0.0152857087818519,0.08715165250213638,-0.08096487413933465,-0.08102941167092913
-0.01672705205153908,-0.0027755860859190423,-0.11233532064937614,-0.1501150536936549,0.11837292256049912,0.1513083729631586,0.042286644306788905,-0.10891522212350133,0.060390087941270154,0.07758363307047426,-0.18316096326758563,0.008725410405383535,0.000986142598335438,-0.1832477966287357,0.11385786864151039,-0.01603308374260174,0.14948715126513087,-0.09618486995105749,-4.654648069091608e-06,0.032951699747191344,0.0917375185030887,-0.16618804683635305,-0.09351530997321161,0.25605435174945645
0.15600599522722416,0.15870146001646898,-0.1065422565487813,0.13228178237339316,-0.009978178602767108,0.12137392977163645,0.14166534582575988,-0.07128711221498447,-0.12831275493966748,0.13928361006323817,-0.07622658215939503,-0.04421377169653486,0.13767230366589583,-0.14261625347485815,0.004612180013446502,-0.1617931981252063,-0.06988762920367578,-0.07526879397640289,0.19908792389204136,0.008186912977687684,0.07816277021389784,-0.012791742869212254,0.2396387993906389,0.11102923966458389
-0.013389150931659854,0.0814432928353161,0.10167139714683832,0.0633703080492742,-0.17154116286281854,0.23501112053930256,0.008530674228090635,0.15957872136775206,0.08639554565901222,0.18786455389282036,-0.08522422101439682,-0.04001479490532862,0.030556901359871522,0.0028293508455107877,0.05054151275351566,-0.20596528650372584,-0.02638200141457943,0.0779360783273337,0.1852151259529939,0.1295146847319383,0.09141959967415719,-0.32705716119025713,0.15363844186289413,0.4223350356579427
0.02226446117249027,-0.1100107159147686,-0.011878356941047611,0.0838660131909578,0.10393597180034218,0.18287216845162813,0.13113535237995783,-0.02043056348717147,0.13249347209344245,0.024692901883640123,-0.09678147398228004,0.10458951202587463,-0.13400178031181748,-0.07308528891804815,0.021925702229642546,-0.17336598644793577,-0.21980112910464447,-0.03354013492817382,0.092309266656906,0.07906318485428057,0.1608098405919265,0.032103244729304606,-0.07000324334590134,0.19544650245793668
-0.15737014786831782,0.04842126149597206,-0.04852543097453717,0.028009775259747998,-0.005280729462105222,-0.04321895648615921,-0.20771500667006032,0.11985971285332264,-0.0812568294920886,-0.11523651862511626,0.029000238174136113,0.05999989864055848,0.06634935773801721,0.07153176275967955,-0.06525551237561415,0.19098155774786552,0.09254397880404269,-0.11146754951230298,0.3163422804950376,0.002727385759373832,-0.054635685212761576,0.06245729183835122,-0.2305705495412783,0.1704461223643763
0.06718456767836152,-0.14410654214032564,-0.09790024118122649,0.1361087614625291,-0.09911454964623251,0.27795870944129575,-0.07036661014747667,0.057876996096227436,0.1803356571661759,0.04839564114060815,-0.22111178850264893,-0.09344094311323785,0.06178348468547842,-0.03488070683626337,-0.058241043830425006,0.14473366472682994,-0.10132621248432969,0.03491807362206675,-0.1640001514261588,0.05126778201844514,0.12114154906172087,-0.09182072202698785,0.00989309788674879,0.03493802937646747
-0.0611505376326933,-0.009573810713770257,-0.03640792296334808,0.0022249995545055756,-0.023032066140572002,-0.08521563768977762,-0.01924915649088719,-0.01577985726111728,-0.07918809826707615,-0.008846738373938106,0.06674957655445478,-0.11546489021434599,0.009145474878267753,-0.11593626101095816,0.2692331901601509,0.12908259703947164,-0.25705746948511343,0.10077958358784267,-0.006086001807009093,-0.011375897572872315,-0.171869800417166,0.019268710471542796,-0.000602199602483535,-0.02342028004926886
-0.145559452527504,-0.09926862225972016,-0.03561686384699739,-0.004009471821024533,0.0868247340625829,0.06210718713322779,0.2293457035184198,-0.04962972420136846,-0.0557434529380686,0.07435935182771142,-0.17756918157522977,-0.11674842001754704,-0.1563482795338312,0.18838715346717078,-0.07941956276108372,0.01874595181015848,-0.10746791728232681,-0.03556726692435891,-0.003353790598281516,-0.278425350895381,-0.10001510078528983,0.2406960240824693,0.026337096499212526,0.026271532700991997
0.01518074804135952,0.03026149422522976,-0.08242057972452159,-0.052052172220901936,-0.17861871798512682,0.11976516425205687,0.05021375109493724,0.09815604299348041,0.0011914422994007473,0.10657297278232625,-0.12111412433601405,-0.16234438475649765,-0.15136368499747893,0.15476132309371746,-0.06275633193096217,0.14665553255991876,0.1473445997547039,0.05038116928517157,-0.18812150684502418,0.07191795172361064,-0.17773944717337925,-0.2023310973610325,0.059328260424578845,0.11137591785588677
-0.10556650724204171,0.050743991911958095,-0.0908933749208096,0.18529742142950614,-0.05286625498307057,-0.0764775891613926,-0.0924500558704109,0.13173793699009187,0.0036322690321752525,0.031098297833458802,-0.14695224377105573,-0.04677112218626376,0.05769479886404424,0.2757961730443323,0.1752536563487099,0.011232033872245634,-0.026370140401067325,0.06251728948917093,0.10283664321494038,0.11394962696404082,0.020396275595433444,-0.04507916759334324,-0.06462846985364469,0.11579220733059442
0.15303120311328858,-0.047446682332529806,-0.0022468198062604366,-0.046915881868454606,0.07366734189645703,-0.028899847990838758,-0.13718519120078637,-0.010580535113297509,0.05786799326017769,0.26919009522449894,0.03920314602213186,0.08102648157312302,-0.07836223386291405,0.05245573515034814,0.04854780801978349,-0.14347417609683616,-0.08677792883307611,0.05142467989942907,-0.20263679160503578,-0.1724684033749153,-0.03290030937524371,-0.1416813589269126,-0.04588084105257681,0.2119948436344686
0.22479690132549346,-0.056658411319743626,0.22542109887701642,0.07933835091021259,0.03467086200968552,0.04161769064836286,-0.2558964027485624,0.05866334964899822,-0.10953709561007734,0.3030758194092631,0.06471609234529098,-0.00018148191654457208,0.17056696871031424,-0.008422078844828604,0.14498273900267936,-0.12381444149793652,-0.21606141291538655,-0.12757317808990198,0.015100931663893974,-0.2182603644548284,-0.16171133303642368,0.057844942540572646,0.14213688326027113,0.15259854799961364
0.11017712422103924,0.058432469406931725,0.11984506389228358,-0.08045744559143124,0.030339962708332117,0.08519071860531406,-0.16076101525428543,-0.06306906831349861,-0.02965578365360858,0.03287336379584582,-0.07512443007830935,-0.19439610974648286,0.08487902329972509,-0.013864030457630305,0.01989200532816222,-0.04880888518878844,0.031832862718139766,0.04920220393418619,-0.003774632854641542,-0.198900287176678,0.06300060932066506,-0.0015871288898003902,0.04299869040538177,0.11319296138098497
0.0027930843247305002,-0.024080891138728293,0.019279041444611046,-0.03743124368778323,-0.12365083937368404,0.1226058743668015,-0.2909275526399036,0.04437216529231237,-0.1465648246285527,0.03452391212545124,-0.12398257175643886,-0.04938146330124055,0.01576635728348661,0.00027491449734171633,0.08566400411676048,0.009014570429421418,0.09954004089243142,-0.01970345758740872,-0.058623401485570735,0.11609097863379858,0.03750207831746463,0.0927899562668159,0.020265760277992005,-0.05834735592929637
-0.05390093729031416,0.07071868575556745,0.012907707807173372,0.04196919938532872,0.13662576433908352,0.10288487385829602,-0.11407990935720455,-0.11278518899282682,-0.1819101065359968,0.02517797343464892,-0.04696116351556208,0.0926447263367114,-0.013180315510390048,-0.02585184040988465,-0.07909686300343675,-0.11646893610950738,0.21657840336652923,0.09900613716781263,0.014070524778438705,-0.044145619302829515,0.1005775152867055,0.06670767222730115,0.0013244201389075564,0.037805297906960425
0.07283663674361969,0.07369724556764191,0.23588733941087042,0.07348748585157144,-0.10071842648863367,-0.0636440561192091,0.04003067152564755,-0.03965984610000093,0.0895782012903912,0.2112828780203873,0.15212910703366161,0.17565963682689578,-0.06315183199044233,0.03202802086110794,-0.026564906226270824,-0.11240009338725561,0.11581842421355257,0.04107892311719298,0.09559923148061016,0.06857350384317054,0.05521605893604492,0.03813391405485234,0.04880357081981249,0.0122488860848788
0.11672167324479135,0.1297535960213106,0.021156115435804188,-0.14909612133774533,0.009330531371452084,-0.0037988961805565033,-0.2544787133655507,-0.01562728793282809,-0.09109154799218622,0.22769993544749198,0.07562262258383709,-0.19123467743525713,-0.19662292284165425,-0.037733129048586785,0.07604765199306153,0.010254761856056987,0.03343983360984869,-0.05838510922664151,0.10674153559499946,0.014075489768052136,-0.056241831641036744,0.05875822375147915,-0.13108630710501246,0.0394606638324106
-0.29677318680438164,-0.006309533593326993,-0.009927571007812113,0.05356335661218201,-0.07348423295364122,-0.20147740896219515,0.16955574857050595,-0.15047975522920054,0.0970630583810367,0.022824372505980035,0.07204540345191937,0.05630068869997842,0.054199534488910336,0.11331741699698107,-0.008947687847814925,0.05094214617941476,0.15021224590136117,-0.031494611464812014,0.20265541666614362,-0.08793432939608756,0.035454091479649355,0.09948494533151271,-0.030081366532238422,-0.06907302889370051
0.036386980066002064,-0.2573417161717594,0.08725919909420125,0.020515997994937935,-0.12585769320673562,-0.19751829717797345,-0.09110767185209918,-0.17348053385143297,0.043286401517755875,0.00752317098887941,0.006676218360002108,-0.1877597927682683,-0.1445452513775206,-0.05983953397164063,-0.3161253042976643,0.032821294726645245,-0.05981930733878347,-0.12219075581393918,0.214589727315597,0.06694659111412003,0.01165893730374574,0.14847820320463687,-0.15242223841969446,0.036929002061508585
0.052205451449033484,-0.27347170886544603,0.008372490347464264,0.07173274762431864,-0.03552917470656415,0.03715818677916095,0.011820540439001317,0.0769105534849731,-0.08020072113666278,-0.0654491218713816,-0.01071798428020026,-0.021994079666554745,0.0039981274289338595,0.1704781092253995,-0.25419998399034693,0.030094504783503517,-0.10703849069027309,0.12658002129442214,-0.20262528391570064,0.14590067808327753,-0.0012941688805903292,0.025043248425313917,0.16098735259986577,0.19809781241203442
0.13038523709852864,-0.12024287408402425,-0.08588744203879649,-0.13129963744637008,0.11836656490227174,-0.057110315805822084,0.03562633622497144,-0.11631515363315774,-0.241346335482699,0.07403616823759047,-0.1574623080476292,0.13722600569891116,-0.008354832494148643,0.09755515410291922,-0.11376172598063314,-0.04317609959012449,-0.10130674551663438,-0.12202965609269376,0.07584283592950514,-0.003399336372280093,-0.0629034648443415,0.03768176345500168,0.03573859015722965,-0.007872397845694198
-0.0534293513470445,-0.24891377584254284,0.07694312295498747,-0.1084311927421479,-0.16021369428408422,-0.0684044432436614,0.303761016052844,0.08690312130713164,0.01333750069570135,-0.11232103332865775,-0.06969604277132466,0.1748619266730349,0.08667911817762827,0.09198949036848304,0.08338852713589635,-0.06877343171723269,0.0541165138691688,-0.12087429774022593,0.05659612854206686,0.07064271696459909,0.1367489535187901,0.09774079505182995,0.21836721982171817,0.057951728006842354
-0.1139373461244595,0.014748908382338995,0.06357146051694751,0.015451812447709993,0.10289469463066166,-0.1171925982228675,0.06126125666146424,-0.05779820497884011,0.271854100928941,-0.13059293425639498,0.11253549196217295,-0.059519049347322786,0.1823648138321727,0.03511933885026349,-0.04698884352012325,0.08360161188228664,0.2773577581551294,-0.034549968619185155,0.1800226449003199,0.07997628376115568,0.07462876393127407,0.0908801737481903,0.21790746797329388,-0.11295084655844996
0.02012889077403288,0.13772735195640246,0.0290251883511521,0.031870400602662316,0.09206905981265087,0.06687896135177704,0.0711041770178786,0.19236503538443891,0.09355082652711373,-0.13558641747805508,-0.007314804399904142,-0.06227685710669985,-0.029394069007298535,0.062436865788280116,-0.030480395471805453,0.02042780086132963,-0.10101940962868768,0.001418545110207545,0.033673635865344095,0.04243805217193453,-0.015460859616139931,0.09715644954045274,-0.041069716630366015,-0.10314652623541087
0.1608843680303249,-0.13562146724323149,-0.03830826662830398,0.0525929126171701,0.0016536745708437327,0.15600107865050963,-0.11997606991219753,0.05725774756780023,0.21525086225015283,-0.021066403397320767,0.13691673213576072,0.0911079037062686,-0.14678497926475395,-0.1396945131159836,0.11998962828008328,-0.027319377740469112,0.049574956243163264,-0.24160530122174897,-0.09752794449042225,0.08571076396319066,0.0753159279357646,0.034732479364499226,0.19587066529979577,0.20937777342065245
-0.02361429277813462,0.06973700293784653,-0.05776954369361165,-0.14146210538539286,0.0449153870579399,-0.12372415054076182,-0.06461080190718646,0.13563293984510802,-0.027491308260037112,-0.21156380680710637,0.13355789416121425,-0.008197612555030613,0.09782230928432074,-0.1985636728191484,0.018602764945338683,-0.15498382515966563,-0.014373168567607604,-0.14715611610859664,0.028151401510694698,0.008389029639354489,0.025453436465826994,-0.13805519672114316,-0.108038617587968,0.001021153362128153
0.06825227844628216,0.192120065109695,0.19063831966733308,0.06348940963471368,0.20982279483389055,0.0926318770579625,-0.14467341034711223,-0.08434350706523246,0.011425406454237737,-0.24502976316454597,-0.07511838676913896,-0.10359968107873081,0.09327318241325558,-0.03493271121965743,0.13751263911143607,-0.14678354330048005,0.005462375807462184,-0.000875802774015212,-0.24496059890196487,0.011008264420452512,-0.09222618635928442,0.10241235137981178,-0.19257996187816737,0.07613657220860436
0.08713183942442465,-0.02312924440670431,0.07967098863818907,0.10746673178820583,-0.2165127247066148,-0.12567246453735612,0.10112002131383564,-0.013723047365370309,0.1358226006856141,0.10522704568135793,0.12293208715304789,0.013498115662950531,-0.008164749856923266,0.1468213795149467,-0.029969235209762305,-0.21386627242238226,-0.18585953971479072,0.023541811469560383,-0.03533434509227862,-0.019184465239553722,-0.03774181760478684,0.022437578591863478,0.14071045880796643,0.0693688504265328
-0.009567741358672503,0.11589121903169114,0.050580827447886424,0.0010653185644839056,0.025648826529698784,0.05535559700105687,0.12008476724489353,0.045616231891836334,-0.03428290705358483,0.20276450963789724,0.10953617920612034,0.2447344836753499,-0.12471253645936359,0.047457990882450805,-0.11727063350714755,-0.11326033654323478,0.015804376641063652,0.3043970294573666,0.21647190784586515,0.07877552920203416,-0.06990237148018388,0.10449417362574122,-0.07290965609781193,0.12870325952070552
0.01998015837866629,0.0139922451186291,0.04853136409846265,0.059454272547193744,-0.018073404770931622,-0.11388828897901856,-0.12650977536086527,-0.09839310873322406,0.030666657738695997,0.03662267806321994,0.13402882205761377,-0.0010199057341171139,-0.1607289771356014,-0.014274715453483517,-0.05051481172689104,-0.33738563201133875,0.05817417175450863,0.07005735408669331,0.10090478920721366,-0.11439852605017271,-0.13496513459792217,0.26530134991032867,0.019527765501708712,0.0066503481575213306
0.14737197715930733,-0.033462211540018494,0.19566362644028934,-0.18345139993748055,-0.0653401086497981,-0.03947958651041403,0.13703025656196308,-0.013612534216273241,0.043362786947387044,-0.047850513309244176,0.004648770700014299,-0.0007330215773977282,-0.001197643527653981,-0.11876376311280706,-0.17821971705867845,0.06415204918248761,-0.10593683422537649,0.02693639396352715,-0.14905475286815553,-0.228875554139412,-0.0601937956160418,0.20441187703412297,-0.10352884354567501,0.009446577712631531
0.03712058815891172,-0.13061015275101712,0.05036874294838594,-0.2577281528599685,0.1036590176083836,0.043764533449386966,0.034928081344883954,-0.07872180958441828,0.12801719938924927,-0.1599959397040931,-0.055326325039994156,-0.019704066754892734,0.013340874170635435,-0.030841845094344,-0.056895822548345944,0.045487774742622555,0.1302557093697929,-0.09368280276810195,0.05564154819544389,-0.013170646701768466,-0.04131516040665817,0.06712851071987107,-0.10037801722448722,0.06357317935004651
-0.01877313089733498,-0.05158810074439699,-0.09280931250309016,0.11883445277524057,-0.08683552782860461,0.1163320641980697,-0.20899284807259202,0.07818905868369168,0.12265083851924359,-0.0026047479755729195,0.08475480597971674,0.2423668482794665,-0.008488778743463701,-0.12112937154795676,0.26938337081177743,0.06385559377551579,0.0805614194795635,0.03537609088944745,-0.09345296404946687,0.08946915435201729,0.08533621684788643,0.17089011133300214,-0.031609185784279285,0.08644176730935192
-0.05217060162477324,0.04299165050646305,-0.27348312760800425,-0.2527668023285289,-0.029432829859597436,-0.008506630592682344,-0.008789402757903684,0.003266446802991003,0.05930223178691935,0.1908441460088569,-0.0471231351765633,-0.16177836429008927,-0.10783780518574236,-0.11818475431692065,-0.05942281395462174,0.09680366698212602,0.0708554825714752,0.07482172302024498,0.2252024972248805,-0.06228388514912864,-0.10883825158400347,0.13663776416159068,-0.06117938087832641,0.04655947586012037
0.031053423896395566,-0.1393860837126193,-0.04653989310080811,-0.024888569278339493,0.3767873209143381,-0.18801508896111338,-0.07534569772772404,0.12173200455339456,0.19411294678254407,0.030697461918681973,0.08563932896559212,-0.2719621248130526,0.3053532537806664,-0.11421746503177284,-0.14338958254240614,0.18034048676663383,0.16450813257823038,0.13574543419826876,0.050380931656545044,0.051934010020017705,-0.3931742461893088,0.14074324793991838,-0.1037854149893835,-0.04700914189868846
-0.13068318258588058,0.23335049902876556,0.04600011500288216,-0.04657325522110851,-0.2872153945894501,-0.07370971634177974,0.05912664079035344,-0.022346671917350763,-0.056756395464265745,-0.06609043207985699,-0.19882740062398188,0.034666804222781095,0.033948477221910564,0.09588599453135663,0.07094387694174513,0.0389769043386409,0.003929110293271374,-0.10451199212475171,-0.014265021924556236,0.08469423373785942,0.011175157402587777,0.19046326623274168,-0.1482217632393775,-0.1778770098566022
-0.1180967166521325,0.013694495739392335,0.07642444632777329,0.2292687017414279,-0.002980249245070415,0.05847530664304193,-0.09579794447393648,-0.12274904086640541,0.0841603335561656,-0.08126679707334787,-0.039378337886031796,0.01747324868886321,0.21691092632400227,-0.08865553308793984,0.08194187983023199,-0.18794566675807306,-0.045655196827523774,-0.004486490867443746,-0.014641179387413467,-0.12612510381274677,0.07281513499008332,0.06961744820706377,-0.161324723023368,0.018432414537164248
0.1414011346815871,-0.04258754653986196,0.006656574693031623,-0.12796375487236722,-0.058827405002488585,-0.164455670809256,0.15553625777266275,0.12366521515418094,0.07392106188880737,0.16825475590295846,-0.07695751986354925,-0.03267790054041712,-0.15458862360282163,-0.058082578270552014,0.028949576058311305,-0.005856994105769695,0.04960790081508826,-0.07280668311837096,-0.1243971715385746,0.024793557596118582,0.08478108797426824,-0.09899237672196962,0.047408141408186416,0.0991990385999811
0.19913271163512178,-0.11552808194407149,-0.10959736398630006,-0.05185229421318569,-0.18078039063228865,0.11287737096495731,0.043703241673520715,-0.10808440301394115,0.07303158479462286,0.25412229047996926,0.04169652527690266,0.23647493341308526,0.010901335808955191,0.0168843696184132,-0.10166222726366661,0.2035940664162898,0.18702756255410274,-0.016553440699830644,0.13186018352014903,-0.12056305269294529,-0.0742114285803286,0.1563770542673442,0.06735502704466448,-0.2660241620924385
-0.012902919002966766,0.03038326153000279,-0.1547097068402683,-0.07751826688635646,0.12898934757382272,0.01995333160720759,-0.004988067426407087,0.044284284026848426,-0.11920573824926929,-0.10236916320354202,0.055252960630403476,0.055796777972102085,0.14752965435520984,-0.08188673020917375,-0.05357483282123388,0.32166397045909706,0.003615776999034562,0.0517614143404271,-0.06688943177128108,0.03363265363204471,-0.04294971593361113,0.03567351017847492,-0.02128528632672468,0.2689250334719244
-0.16609716535533908,-0.1861717569375177,0.05454355856437501,-0.1609199614959628,0.2583309296521344,0.06476034031250703,-0.105375863071309,0.18844378434756875,-0.04988195642943452,-0.11462355340661555,0.07163740561297877,-0.06800167229616749,0.15393903271928366,-0.044538399506462385,0.12141648269123827,0.10832134842464754,0.08331450794923458,0.026577764359030816,-0.01519273581018081,-0.06878299982813567,-0.1275062114805917,0.13864232872980387,-0.21687432365761924,0.06966268680516005
-0.1853635798627387,0.17209463528753205,0.01796536187823863,-0.07433966479419854,0.0072592706861594365,0.07727700935669321,0.18230760340441668,0.03827782741712468,0.12667091639016437,0.05678794883246265,-0.016308715553792656,-0.16965545038589716,0.05295903846441738,-0.049538924827979336,0.06338612646819944,-0.11163851053608048,-0.05261009950130084,0.051112566445534746,-0.0015458935799975107,-0.2978275861455018,0.22561339138523728,-0.10301330173387069,-0.017117435154816306,0.021018301090799982
-0.1009866866497838,0.039329694227257225,0.04635058946477709,-0.04946575550867785,0.06411001710665529,0.05719527406670639,0.006514997384270602,-0.09508983727849274,-0.07612445503153754,-0.2073816380717287,-0.07333958674343169,-0.01392833300978302,-0.07098855573033623,-3.384831789259616e-05,-0.0064790206000867705,0.17863091676134554,-0.07391735944236327,0.07391299325397371,0.005491335802824049,0.20126320475431766,0.11429938130817638,-0.00010231529083082051,0.09050548779300523,0.17884341661526892
0.02518954967148111,-0.09053671445012093,-0.03260478060618117,0.10249700546133504,-0.0343838040662171,-0.030605819270191386,-0.2151031222204967,0.0674720747657318,-0.06970607696722321,-0.06388529506716802,0.014482031672617355,-0.07062231191082555,0.03735207203873077,-0.2873667216671166,0.0430768924654729,0.00378688578849055,0.16796933147858328,-0.24627858627716134,-0.017604727002708914,-0.031245403186947726,0.1621155778512825,-0.0324658724019242,0.0227160694717945,0.06817468900517383
0.10508493540964493,-0.13987706287583365,0.1688841206385466,0.1216243899997782,0.33795007438522584,0.12476303850846238,0.11430083714111244,-0.11299248127455754,-0.15765864401790883,-0.24900403027912207,-0.27679194296962795,-0.13446682329582896,-0.14464403915101767,0.020106570072587655,-0.07943671956987816,0.15834855158107466,-0.08887202520764421,0.015181842348539936,-0.1031632503288803,0.21041913719457594,0.05561610138837559,-0.13200096012790036,-0.16149058605825836,-0.05596403774017323
0.022737946853031415,-0.16125252831618367,-0.0640601948265168,-0.038910336234310165,0.15222660342617342,-0.020967395707480813,0.01658951291480934,-0.1825406321879177,0.037431508080387726,-0.029726459290621277,0.14073495277731413,0.028165986362946475,0.12893010993120185,-0.009720845345608345,0.23334535285925284,0.2790158252210331,0.026050023416699045,-0.20457823455883406,-0.051678910584429257,-0.16094730912281946,0.15461223557313744,-0.004720190666509622,-0.06622447317927574,0.06830893210963727
0.19946235820733976,0.021949287870523713,0.043776131047025116,-0.0518246291451086,0.2510876670448929,-0.052262646777530876,0.018031682380916795,0.066001691826762,0.056453146811724086,-0.04497070779908969,-0.2279240811280535,0.006816526080811466,-0.25217525491315934,0.04663296945830018,-0.07705707030649254,-0.3936511788414609,0.03372540485105721,0.3138039206782619,-0.10446415234658195,0.21319723548041591,0.03700322585404443,-0.019597213279337666,0.12349210053228593,-0.133399077007184
0.01831016369941445,0.08554255219494188,0.08476476356896019,-0.1275565993721814,-0.08182177575988188,-0.006282476133802098,0.06583925168952585,0.033332494459894245,-0.06505492109530032,-0.1521259529783992,-0.04878270309686086,-0.3123684371539948,0.13513082829843354,0.06980105732359826,0.10254282652689867,-0.09256617027326844,-0.07556504682509586,0.03952157760702172,0.27864206214449805,-0.048248729516899624,0.35605074107242485,0.06144721364126301,-0.01178688793630591,0.17955521479910094
0.03845283512310927,0.25728053353402175,-0.1565275430981804,-0.028879661786648133,-0.036527179107195475,0.0429312922190788,0.047534242991899525,-0.10576303468468745,-0.08453556344418582,0.15673218465298638,-0.25692176849064274,-0.1530202860606306,-0.009749226862909254,-0.3062028980577137,-0.15953448072599388,-0.017334494786722065,-0.027427620621010316,-0.15470228940178238,0.09179262522733647,-0.10534482664949596,0.03692783074814426,-0.20041277914458397,-0.04684281848026717,0.1455347477161571
0.09789290859296809,-0.20976530996976164,0.04145184706061699,0.14670330480170313,-0.03673663260801895,0.3211389570401071,-0.025632526720635995,-0.1055695801345894,-0.09211523348514535,-0.00803178046739381,-0.08885786363400788,0.09538293954616381,-0.06577592147094218,-0.05735054300181214,-0.25563221103193423,-0.05886290264737422,-0.15458666214475547,0.039266154842800854,0.07173463557398467,0.1190329436295342,0.12826645141321966,-0.13832287933079504,0.23634388689414276,0.1123280804076255
-0.388110073671065,-0.005650148567073648,-0.05670613709403978,-0.12523978822522297,-0.12625678631269863,-0.17224194095598924,0.05818280056573673,-0.010970583622284145,-0.058799320649218716,-0.17660669127671091,0.08662840475322982,0.028114830820602277,-0.10201558141426519,0.20194194186335562,-0.010246227056104607,0.07354315374365174,-0.06217154405979049,-0.0032795393105017018,-0.09742816044117467,-0.05807865773388823,-0.0334715819209972,0.08920767842846,-0.035468126536952714,0.08167546690493876
0.01792800908404261,-0.10295759521646951,0.01968920790503858,0.008240032732953362,-0.0029250767627382753,0.04632783794581885,0.16154826446673873,-0.05928808709604021,-0.0712217904665813,-0.07005958782083149,0.12562008301414565,-0.0813986670052861,-0.011484864487093106,0.14186661452317512,0.041026230241107395,0.07514973928147714,-0.045816784595449585,0.051845429685385684,0.04332584895494088,0.20141766588222187,0.04905369461895495,-0.05545691418856511,0.04863458806388021,0.1378488638384554
-0.00947375074066693,0.06156655730721983,0.13740861552920414,-0.12477209577907286,-0.107369773403597,-0.09516153920856256,-0.0858882239173838,-0.12857619063217993,0.08719476747245149,0.03535021971800811,0.02080332649498729,-0.13523924228250284,-0.14067070817706614,-0.08858104657554018,-0.04752865834717722,-0.08533624969919397,-0.03203288843129888,0.3808653450276138,0.10554234416584399,-0.03504250732912785,0.07097841896539414,-0.08142463875994155,-0.02497606164809036,-7.4372238311013e-05
-0.12997862915454336,0.018599046745541907,0.15392640677401154,0.024318800595673682,0.1330678519322192,-0.08425106275988287,0.17650706519172943,0.24543902207601007,0.10776016470409212,-0.12453310085921429,-0.1669645267776467,0.0005288322566616185,0.22350872347859643,-0.19465862477881896,0.04170066709631784,0.04424601421037811,-0.1220851563074328,-0.12672566244797934,-0.027887373360679178,-0.057400523592279123,-0.10868468950322709,0.03183751272846958,0.13669477875878291,-0.01434941037787312
0.1841019059687209,0.17210755829679847,0.007795471303862514,0.10546308771983935,-0.013342757241105407,0.16128159686395135,-0.11058872128084106,0.007995070866876492,-0.11663045439133893,-0.12004422444058471,0.21759869813226806,0.16418695011973286,-0.032069168909618355,-0.1065571679212279,-0.015449470952179212,-0.01884269800794055,-0.0011397787692008614,-0.08370047232135387,0.11847500921194208,0.14454624771439462,0.032015250686423094,0.11868086206308323,-0.09952178340595362,0.06896549384228969
0.10581099187955548,0.054778958512184166,0.07147722534012127,0.0023977422196398306,-0.14373506873736655,0.19417967839926298,-0.17811418908850946,-0.08248008073272219,-0.3195238452423332,-0.11750908692240601,0.04035114044888379,-0.03298784032730827,0.04800357840685294,-0.015109925368508333,0.2289860598246775,0.06755127653761575,-0.11215315752487104,0.06041609150697787,0.22484491958516986,0.01727791604471325,0.31892920772165967,0.0789895849238093,0.02100498583442956,0.15181332108374407
-0.139298684778824,0.18959513642871115,0.127960186897313,0.052731197880991336,-0.03255449400206322,0.007788926048769163,0.06804250645438786,-0.016204085546263798,-0.10554160973553653,-0.10675761863561044,-0.2124920512775732,-0.08419180665203063,-0.0014150060092500282,-0.1073027742037755,-0.1128050656043747,-0.09809294940912927,-0.10836991041431211,-0.08060252907162037,0.07353919402674743,0.026240596027434455,-0.08289744446416131,-0.01053827741198499,-0.0018781604486864262,-0.14033704364362676
-0.04935895388445119,0.12671294562810245,-0.263105051249349,0.13396601407964162,-0.038603261470027996,0.1865185820433195,-0.018370886112041532,0.05105851274737091,0.12738981704777283,-0.10025113893144846,-0.04069521082181048,-0.06695123785621657,-0.2607572158789151,0.08502079323060564,-0.043006915423565086,-0.08448998018134372,-0.0345588742117375,0.28196451712695864,-0.011946648329443853,0.1616289760589458,0.17235296214113627,0.06058518779655043,-0.02147398004048639,0.005065558781406386
-0.021760124551915533,-0.08210424309202932,-0.015179902241485941,-0.030896473882762673,0.06720935683546721,0.06743384833969487,0.012077867416934604,0.050710960590536265,0.014468094114092615,0.00402903500677328,-0.01985105666773755,0.16119280368121525,-0.09579951643437751,-0.00010554550091248821,0.01732601631875999,0.022388346642652473,-0.040075428048669155,0.08657881296105906,-0.07205951470048828,0.023972188029879656,0.05236438891073303,0.004078079617578366,0.06461068560995469,-0.024857632548675578
-0.06870935880150131,-0.0030136876662425834,0.23003586598319703,-0.12271851059159129,-0.07137783174700942,0.08557893896416414,-0.1466049997157454,0.044529702752430046,0.08440724863454943,0.030251514551386513,0.10660440986239497,0.2441389466503508,-0.06331730305900156,-0.14940344987159104,0.020536966493222324,-0.13386028018227242,-0.028246499151196723,-0.0721842014878329,0.052275422421726066,0.008557741645165368,-0.1623274832811227,-0.03375040797035225,0.025103113310948125,0.07178874159221517
0.014435321353829595,0.3568651286793704,-0.09876534728447911,0.0540277481305836,-0.16031634772533615,-0.23007978000452592,0.0766846274647231,-0.14715982209652434,0.11829975557443381,0.04368507558477885,0.02311686043929459,-0.07658213594316282,0.06475425660521654,0.04087765210193702,0.013295729065387781,0.023436096398892447,-0.056171092813025465,0.018994813654657407,0.018386180636659036,-0.20435754068010223,0.06444111045079655,-0.0749840744645277,0.0615424386365926,-0.05362052101970308
-0.13933606001037258,-0.14186097844322967,0.011538542764492158,-0.14061877323363822,0.008567307058749573,0.08301687291829889,-0.04682344154549073,-0.1508121186576227,0.0564951952221408,0.07178109179660565,0.010586375989667426,-0.09051956073797869,0.20644152388213266,0.013227548758814588,0.24274830462586613,0.020327733531182172,-0.010734842307420054,0.14748182049048464,0.03904642605586984,0.1317706965254692,0.004790605904305211,0.0806291383706768,0.07409464139985869,0.032409368460934056
0.0059353277955115635,0.0425744123807615,-0.3411105064720351,0.13602882896515284,0.06498214096718902,0.1596433779163801,-0.04474676024014556,-0.14787242235722461,-0.04654014491665556,0.08750555539155873,-0.008128528293477618,-0.04619531315400621,-0.04019626402513289,0.1329533011175827,0.05444637991507332,-0.07169260437736712,0.25358388107861174,0.2081336340012562,0.12061158439187955,0.03414736641414479,-0.1549694888783313,0.1658869449607662,0.03905502824731961,-0.1809906916482221
-0.08139206846727785,-0.09182636981698632,-0.1102524666878218,0.04290665008931755,0.1869223357619117,0.029408761213332402,0.09047705373412562,-0.040620969502865666,0.10031160162792824,0.048516538835312165,-0.12483896326718326,0.12612949015009803,0.010196837508756443,0.07771584996534193,0.008202710408161036,0.11207797311154931,0.06172494875521486,-0.12479102700975982,-0.04337394257486884,-0.1624292141473046,0.11595907903701198,0.17472491724137873,0.02512083852902427,0.09117340961286569
0.061737594829012275,-0.11276007983960427,-0.24706199950834057,0.013041435664409316,0.12059769134945679,0.05067185021907766,-0.014455172147154517,-0.034595789463939375,0.0015931090793804526,0.0037270202255532577,-0.0732320625858108,0.0603819538960934,0.07975216306652755,-0.010840562585189737,-0.12408030855045794,-0.03667218690769159,0.017988977355570892,-0.017436369273514562,0.16386519829022522,0.09670564135395616,0.05524279531549964,-0.08283002286492318,0.22594349242187511,-0.1925833245103713
-0.1403979357515856,-0.13631106193776107,-0.019525210408373402,0.08839197345432123,0.07166765297689019,-0.2732774538243621,-0.1298749662115356,-0.05664431862608037,0.05292468869280327,-0.02943069411491551,-0.02148512213693544,0.018774644888269867,0.17427875236739643,-0.0636860512828922,0.0004111341247858542,0.11761279779361974,-0.09427630825304516,0.22715009519500157,0.14790710101252813,0.0556103308043547,-0.10620687763341537,-0.11667867025284256,-0.07136009457915342,-0.06265906622617486
0.12418725839703186,-0.10360952020149107,0.1364019084797128,0.07947769192895728,0.1060661226304999,-0.06706418969611881,-0.11334865690676259,0.059650035007723264,-0.14586068128916263,-0.06497858895562272,0.0967057627256205,-0.13225887599726707,-0.018961630568027323,-0.0011612975832039631,0.023349284830029206,-0.11052057024582579,0.039441023956426464,-0.07541444057039412,-0.11155208951550093,-0.1531044911454991,0.02063870247987987,-0.08141489592412453,-0.07118153159725851,-0.2917649256756168
0.15239569099238018,-0.05762630996758795,-0.14010405944774326,-0.016618430001954426,-0.1464337934396969,-0.16961913495572564,0.06447062721351182,0.0658588872097932,-0.14585160082387988,-0.05070510621302117,0.026296707907972096,0.0054699800169721695,-0.02478204853320751,0.05738593220242984,0.06332894884377706,-0.2439492799747022,0.005086452213211246,0.009961877889409793,-0.1590459180075865,0.015557904293881878,-0.14852752258290586,0.010509289199245852,0.027108692320028365,-0.08740724691765697
0.05537315161461544,-0.11660926947995046,0.10279499551761347,0.1364101077751097,0.25738286706833635,0.014696856929991852,-0.003610267115670459,-0.0782095630290647,-0.03703123511996033,-0.00791726419537511,0.06741885254026861,0.09700180892133224,-0.12374892141672499,0.14556567619139715,-0.044002743255593925,0.010590226581581666,0.07389832989005621,-0.15940313058168265,0.1696260768342582,0.05297781034510087,0.031266919369327406,-0.01612856215054552,0.03921178398855836,0.10307380276275957
-0.04253000647958343,-0.10642463999335142,0.1137068000423194,-0.12374621746184165,0.11408045525334061,-0.07959328838153816,-0.07432405447691139,-0.0029741414536518748,-0.0248313644074919,-0.029558049735322237,-0.07997209425306968,0.18397167867352793,-0.040586184882038315,0.051774900517158835,0.18377584011591572,-0.18455470083075762,0.01997840065568732,-0.203093197202373,-0.12020417666782,0.0604038832285423,-0.052705429189329196,-0.17390584700839729,-0.23697429490980587,-0.07464211581596171
-0.06308473555872725,0.3574151500774582,-0.09394230691285382,0.20647525545526443,-0.27277257330766896,-0.30804515056751136,0.07403127929312488,-0.053463676666512146,0.013481981920053936,-0.13749011899720515,0.05285308253978211,0.14167084381384967,0.06422745169554811,0.01244443723950789,0.018095121919212927,-0.2709265155243531,0.1431322936809797,0.026546121200355353,0.0961037636859589,0.20112301229073856,-0.18815663458492696,-0.02469152096724482,-0.06049854911152641,-0.009262073735934828
-0.07674102248979878,-0.0003615401713399504,-0.0032019427552165652,0.33128879852712567,0.015521532553778543,-0.03401593090012276,0.10425400732715892,-0.0027411038693428654,0.0491804709260662,0.04984886667172931,-0.00946150064491795,-0.004281238615009861,0.07564604584347817,0.062218743794820355,-0.12520896271222226,-0.16714195616127692,0.08078410774896337,0.15397385106377393,0.005456272681759488,-0.08024640015071302,0.019989935298600797,-0.17251773238966228,-0.18908134317937733,0.30477397890534025
0.0022001892658177515,-0.12002516954847713,0.28559619158916394,-0.06695475146089856,0.0819208708740677,0.04088261966563597,-0.02322476216153976,0.09222888762891948,-0.1649402520601683,-0.009095774902711696,-0.14945867401936314,0.1687872779921403,-0.03847711110951328,-0.06982560252707945,0.024807175322508413,-0.04558698885141947,-0.046713096204905616,0.07547240844184872,0.026499215170283513,0.047264865698216016,0.10204603354562317,0.03646277596096818,0.02911378114250573,-0.07033119868033046
-0.13335604661375242,-0.07074234684623834,-0.02516195019411664,-0.09749266177122504,-0.10754762562608906,0.07130151146087271,-0.03594472058978119,0.048348993344833696,-0.10229157509763281,0.09396244035676811,0.03402128495511687,0.007280054534913999,0.05288509161138913,-0.0752844792239474,-0.2156457122692827,-0.10392147118311543,-0.10089644398497953,-0.068825758506856,-0.023183649448289663,0.1352312188602314,-0.05464599004157085,0.04381721029379137,-0.07574537577084796,-0.16984460594822656
0.07906072279921993,-0.041009261327294086,-0.0738903313501587,-0.19702440639168603,-0.14037378174864862,-0.27210867197554006,-0.1412082434563381,0.11766624113238866,0.17638317993550084,-0.10484861208982367,-0.028540062201907367,-0.04091065508592629,-0.09538644411130268,0.031062158155088698,-0.09346123446611107,-0.05338147696109074,0.21492963536868442,0.011001481869728862,0.0465211588347448,-0.06639303183917064,0.04506973671548475,-0.22537981137452448,0.05221153317441794,0.00777883162875111
-0.044761535659844,-0.018834212348673326,0.053839589020103724,0.03228678801385225,0.007158100675500171,0.056504689980752094,-0.07098195598282074,-0.08324396629998645,-0.17660268695570694,0.2874164681727246,0.1228390308672059,-0.06359662372982926,-0.006763011691443356,-0.020242818679851407,-0.022607364402883457,-0.08255362742931625,-0.056907207929950444,0.024719145975900254,-0.3441330285625378,-0.04143353695101187,-0.13611364475513452,0.0022910950240204336,0.04500749022551862,0.13919586228889677
-0.13476650679147603,0.10799608616026839,-0.08855224032865665,0.025746235244577746,0.21119682656921246,0.02653914216151383,0.09595135432168073,-0.22277226771127184,-0.17942619294050932,0.22072390182169174,-0.07170571738919417,0.1251014300107784,-0.03495484845991168,0.06987139395248512,0.017936802220123272,0.17090356762433453,0.15245708123672583,-0.05945463926919364,0.11028987119760292,-0.07433612735414029,-0.11861755596983914,0.24633000835252755,0.003959097445733588,0.07814857687756172
0.06286134006689652,-0.12565214017074608,-0.10093222823960914,-0.010728467019941327,-0.054764419493843884,0.11263427413359962,-0.20041616731703524,-0.11281344475311347,0.09842930904100948,0.06501622339451597,0.1983175485819469,0.22495337504680313,-0.012214690974823925,0.04358700164865484,-0.005869842530514738,-0.024736029886001997,-0.083233417347648,-0.19350764764823708,-0.08968676515927634,-0.026296583318077122,0.15038851411360069,0.13346648794009838,0.037840320484171346,0.32126872542185203
0.23930445597224012,-0.18021378333677382,0.03443759415157547,-0.21208067462404556,0.09524398842014167,0.08238884938374738,0.08354318739816326,0.021002374273316374,-0.05893234639024066,-0.03719975460782916,0.01903083746208541,0.1234640850188515,0.22513893854610026,-0.09901347508086548,-0.04461126248064093,-0.3118342670476674,0.06892655557130722,0.04850416989467488,0.13128428674462023,0.03256816127797409,0.04072462812383169,0.03289824134311382,0.01692178255229075,-0.12714495561980552
-0.08005402603310464,0.07060678456769671,0.27865716862316225,0.005215897787343549,0.01445974298192635,0.148643260031686,-0.17227281645817139,-0.21872807694655957,0.04777138806118807,0.08921836841297691,-0.18183305908936637,0.09083140400670332,0.1398546768649337,-0.08230525646547704,-0.1819125585086832,0.166911094824769,-0.08584612269764312,0.1266898006484252,-0.12002349554364466,0.0806517309625944,0.1589936584965117,-0.14308014416861806,0.04368741400062447,0.22225126628453257
0.07861942392452063,-0.14215440319573305,-0.06532637755937143,-0.032415173707311444,-0.03377546898243458,0.061059461657910784,0.18689775183963933,-0.07321243431021292,0.10163128640348733,0.12172391560966682,-0.11090647741866307,-0.06159508604607902,-0.1799630743085151,-0.026303952459971264,0.010103957206833082,-0.10531761475760265,0.20296632230997363,0.0019535747429335663,-0.10923812719383055,0.020089370216782178,-0.12186729058879112,0.1086227712660377,0.09311402982288562,-0.07210780771202265
-0.03346073572260514,0.08585809682147368,0.11693290740476316,-0.059803981334631356,0.08702393192190976,-0.12666330297379153,0.2333317836708958,0.028559852068523305,0.16817448579675415,0.04611645118776274,-0.02684845007524656,0.00950236158950905,0.04353928440510813,0.16864349701755724,0.034468373518523554,0.13954171257331127,-0.11526354205367038,-0.07108907509080536,-0.004343395992781385,0.06308101539679305,-0.026100865332384444,0.17357190409772663,-0.029243248152157456,-0.08012921363602087
-0.037416575594333326,-0.00273536683823038,-0.09251312843255381,0.12644693052860928,0.07994890382931928,0.03479841273048734,0.23617389761739485,0.050334205743272575,0.03331158432111762,-0.13383238402642486,-0.042865561363850876,-0.05696885604339735,0.05142365054510043,0.12009565218534378,0.0679819396225352,-0.14368484960475703,0.05049560893483534,0.010425306580052784,0.04968003637740922,-0.14252731935883295,-0.019497330633476747,0.11212162948705906,0.13605111580297316,0.13262115271605554
-0.017395448044952536,-0.013388088020229135,0.07640633392009634,0.002337206007777005,0.05707583195805879,0.0755021448828988,-0.1232057587721671,-0.05556664761265075,-0.17868535594027832,-0.08811497456206363,0.0436630586538676,0.14955015355437604,-0.12633829816355047,0.20942050602369922,0.04746923194519866,-0.1538717094305978,-0.034262097752480146,-0.1475520248482327,-0.0265227977744958,-1.3990135466077105e-05,0.03355210261249713,-0.014770512380450185,0.17801667577298266,-0.1995169132533799
0.08369690649538675,0.08687243164959854,0.08625436461000775,-0.1106750626649847,0.15849255469226373,0.07950317120638727,0.019096339650764696,0.08260846380980201,0.23275573119142035,0.051366239619525675,-0.015319104094026061,-0.20202369745003895,-0.0009818747789382117,0.11342220983390858,-0.05691311104834089,-0.09689933403744586,0.0638388433748341,-0.004627820146896527,0.026263666740360375,-0.120953936229467,0.011831015626436134,0.15886221521644286,0.11830961807399358,0.04115339015226018
-0.18121467148204112,0.22150738709620668,-0.054843172806190485,-0.06405708539638175,-0.04084844778156914,-0.09694276439476049,-0.07243861666109869,0.018908943041023515,-0.0026873956065685124,0.08324981352169868,-0.12387447928597799,-0.03576054020552721,-0.016590137640543085,0.024489535825464384,-0.1111277374723992,-0.0806787509711251,0.0071636339226689395,-0.11008363887322334,-0.08138788091699853,0.16077626546449017,0.013825540332435285,0.24283757720439797,-0.2035160513108637,0.07959855883931222
0.16129636082396206,-0.09556800626376005,0.2378457134096914,-0.11575810050221877,0.09728834024341448,0.025090658994836867,-0.08566898277258174,0.0220673586719559,0.1112869392261366,-0.11947621576816754,0.0860416241404033,-0.12670169339689238,0.03153505885086247,-0.349408434881615,0.10797528785260062,-0.10795312592135793,-0.07124210861709022,-0.13614274421060313,0.10908117642251063,0.052608394622821325,-0.11556970980265034,0.12535939525947468,-0.12184284060835111,0.09100105107944867
-0.203032365252432,-0.10747309634355345,-0.07024121558853402,-0.03669034619894402,0.14360964164015408,0.2633821940629265,0.11835603824026125,0.020574705806588493,0.013544208131866811,0.197385542526208,-0.04904501597312226,-0.02124284014712452,-0.1355722239146015,-0.00248123954875465,-0.15994131156032693,-0.12073145815373432,-0.016862449091185092,0.14926748540419757,0.1853625764945644,-0.158893867946598,0.03548777622599767,0.10858098153650234,0.16738931443239366,-0.04121407989277381
0.06200447352429331,0.22873634210049779,-0.11364210407986455,-0.12844397422318993,0.047299264978082886,0.10276330196440057,-0.04048538102398083,-0.009294437221233718,0.18999312866040144,-0.1739577032415993,-0.041865204113726226,-0.0023585951622650497,-0.113382144926932,-0.09657084293927454,0.2656242211625679,-0.03294965471540112,-0.015054898941948447,-0.015723818536352147,-0.05283921774555333,0.04183706069546769,0.002868717586866652,-0.17765304684221378,-0.05361097996414219,-0.01421290970505445
-0.09850222637522141,0.0691297118839431,0.0249659099258385,0.10559003969131389,-0.02096964688764935,-0.12362027883829733,0.19352165197833535,0.071955026912839,-0.010759593926421045,-0.1151341908984968,-0.0892146628019918,0.07574155438002421,0.0731426778100008,-0.13432208006819252,0.09858878178017434,-0.1072182711607204,-0.061151108665343575,0.018674322481127673,0.004490644006469005,-0.003545787812672836,-0.15299700821761567,0.267205904757149,-0.15297686741045996,-0.061801160225842665
-0.013402859487332342,-0.11631653856805704,-0.07450115918730038,-0.1172200102613497,-0.07621565364387617,-0.055076486791419015,-0.03019182498095638,-0.1725542172244362,-0.18975519891410234,0.019099999617795422,-0.2107968567141857,0.13879391908250516,-0.0034098319383878257,-0.10646780989843252,-0.05757013429928211,0.18065286936613828,-0.06598800836408744,-0.014817632869766296,0.08181850322298176,0.01572879303853291,0.10192940506886829,-0.13396719153971232,-0.03403871279795384,0.095187155319624
0.27109358391155786,0.15059913579891962,-0.0116948052685016,0.11536339645292837,0.017634402641226395,-0.10328851928975256,-0.12188870843199819,-0.08694218717905093,-0.08299821802339599,0.08905382276891732,-0.14163090992530708,-0.004556300803065804,-0.2860201233752352,-0.07981302467939799,-0.08094634657988488,-0.10713326546449914,0.21632983376538945,-0.019577285349164506,-0.04220722485648317,0.099583550914552,0.02331542512471122,0.12289140829084343,0.06480147516629396,0.007984142006655476
-0.04580156582171103,-0.0424095323108002,0.1322216281278205,-0.16190219521774174,0.13027608104524604,-0.08676160870405523,-0.11726147847224043,-0.060282136857347235,0.12545366576889913,0.03235061454242853,-0.022910260839270877,0.012722021466126072,-0.15133966703108712,-0.008974360190490539,0.103938613615204,0.001911810564397237,0.19985631355318945,0.03511654876493153,0.08770330651052258,-0.1230709745805373,-0.08855913894554844,0.0009146333931617524,-0.030859928020348006,0.16241137703727632
-0.054414236425493416,0.07607588051447838,-0.0027778094501717202,0.12234267005168147,0.07538571676068762,-0.17772157287222876,-0.2454933336438493,-0.005471684042100128,0.18222232663516638,-0.12513223852179706,-0.09331168587894269,-0.031839407384600976,0.137924616414142,0.12305393206397036,0.14966572467909822,0.12736322802841316,-0.02766833682969878,0.1010418202992603,0.1657641904767247,-0.0804202421024283,-0.13482388446766053,0.0862137757541044,-0.011195467535098189,-0.006136736041316375
0.016395211062679025,-0.07210370500549691,0.1105065569059297,0.0045814386972514234,0.10884279441504478,0.0060485432564591456,0.10895054700953852,0.07408491140961446,0.05430342533114629,-0.17393551072630747,0.03451336454944909,0.005779960204242799,0.2141244441284835,0.04329955343628083,-0.011943154252280182,0.12792914553647974,-0.11556329112352638,-0.0020026002958722137,-0.11918351732283278,0.13099669833159536,0.13088841785000332,0.2793216608530083,0.15630062070653603,-0.030350199250424932
0.0686233077777787,0.16639118511510487,-0.04536047905746951,0.12286752623422562,-0.10952956724122843,0.024067584432969046,0.11583536421647964,0.22997804676228842,0.11147059478501453,0.02434733098334755,0.09810529332626121,-0.04804115025232761,-0.2715177221065877,0.1655254541452188,0.014431074268643939,-0.16225959528838366,-0.06544626562546958,-0.08257404884796918,-0.04037629739517464,0.10160001622826859,-0.020652013988478508,-0.06915098845317572,0.13814252981465905,0.03891979963214817
0.05365127270739376,-0.07347174085965424,0.007838674468699985,-0.14982063786827704,-0.023370528043341766,-0.2284554950853675,0.010916860458553043,-0.11038226875037734,-0.1643312500674148,0.21296970568323786,0.06138229806893156,-0.14298640897965037,0.1264635041746567,0.10225938271629176,0.001742615171500657,0.09051673998391281,0.14298183976897572,-0.07063608412619261,0.023327489351075856,-0.05577819075266,-0.018032591813660563,-0.2624476459162799,0.16241437683696533,-0.05438617455619633
-0.05039855265965542,-0.26814911040578654,-0.12497777656886794,0.0230867875899961,-0.12274531001247009,-0.24041315984243586,-0.14291872853918813,0.0580699446820143,-0.024629550042760708,-0.00957220771378655,-0.05265475791232583,-0.09184609359847863,0.1546305372906607,0.02449971526537294,0.13232302324098966,0.16496663713020587,0.02241736491518587,-0.035157124394225955,0.001301437420820985,-0.06681635974725005,-0.00880889920440804,0.12783584068009282,0.1123544763411566,-0.03665703524866118
-0.0020400322172458786,0.09010490851050151,-0.1268420933903661,-0.015312102557544418,0.34257628028446,0.018953889701032615,0.10946271625835183,-0.14381306432304464,0.1255820970711218,0.07106807102573413,-0.057002771267420295,-0.04376036858128979,0.03590208571301094,0.024728456806528205,0.023559023622410247,-0.14181766750314562,-0.03747908231434375,0.06637341661616122,0.04966893514132571,-0.004055083635044932,0.14791309660556676,-0.14831978020314218,-0.05102605141852674,-0.11857324877527764
0.06718370907696633,-0.1326850502463337,-0.0744738310704726,0.16552789187788036,-0.16339545108430062,-0.08456915060948125,0.009022140616974912,-0.09029555783096162,0.08186961481392295,0.08307045036406106,-0.033400722370727755,0.036939187015494826,-0.1336236848188008,-0.020448928879107205,0.07543105147960523,0.13981701937839144,0.023656341091758577,-0.022294443055778653,0.09360477526293234,-0.17490233096199886,0.09625321509273801,0.16534852057031021,-0.06297888099075573,-0.11561473598312137
0.11222329771865894,0.0936621098173792,0.019408559231379668,-0.16018892509664645,-0.11108260029722859,-0.12423899724585637,0.0873875291440033,0.028750030143854497,-0.0616500867730994,-0.150547314868008,0.1446271265341413,0.05688786466388653,0.06625608863646845,-0.05610700378672487,-0.014022510601163328,0.043573295060493324,0.09576938725187775,0.0021609899932666667,0.02530235609334278,-0.11267359217897328,0.010728354767575499,0.09272847496148394,0.12981271982116177,0.13726014880578336
-0.032651159023664326,-0.10744410563442955,0.15967125282157824,-0.018002467477051566,-0.02886214426100129,0.09694307365061806,0.02643331307784428,-0.01710195372767268,0.0702720728637713,-0.00013755773586883552,-0.11260235893822311,-0.03870366544376019,-0.06304582521262933,0.01260807195028063,-0.09818728694695071,0.2163147913534762,0.19390583291783786,0.1741983418642761,0.3177556098521487,0.06303548843084142,-0.03458340193395064,0.039815963298726414,0.04792176229654922,-0.13655005339468898
0.09163888385396207,-0.07960898431635732,-0.03656699056481045,0.04918563880569217,-0.07348339172445056,0.22745852189714683,0.0380998529515455,-0.17472853404085112,-0.1483957533871555,-0.12565248228344403,-0.08447210306935879,0.08090586914284377,0.06645311568008175,0.03821401130114568,0.07888322200877883,-0.06325609797747475,-0.0876390537045477,-0.28655777899570334,0.09158141246990863,0.14986722590673038,0.16335995385789018,-0.05558583065075709,0.04449898032296187,-0.10243576865211454
0.21317876263031332,0.11767309901713033,0.040516313942385335,-0.0465719618523855,-0.04346687970184106,0.1222889413721098,0.040346226358740564,0.0036713313782917438,0.019593772918137697,-0.13316843372020973,0.2140478153975559,0.04396127508385585,-0.01217805405003699,0.0801777684159889,0.1707797803275856,-0.1211722537129699,0.023765091394117126,0.05133463172758807,0.044072694199059646,-0.09260731864115468,-0.03441830550640164,-0.24131904556276795,0.05741814014890987,0.18403393476789756
-0.039985966077184514,-0.02222736089923459,0.08894003355989978,-0.06365453517848128,0.2933172060053417,0.011346126779222357,-0.025890376132590386,0.07975643182289019,-0.25304143592067624,0.1153599662529855,-0.038255423783843195,0.22893676559679949,-0.011641080014182875,-0.02926616782712758,0.1157501407385988,0.0885121936777036,0.1681924083485429,-0.03862227509855122,-0.0551448170876725,0.10413780642027665,0.13546504796038009,-0.07957800088693162,-0.01192638132437328,0.031173045246050708
-0.1736547220235447,0.07919703685585842,0.02815171196124269,0.025097088748923062,0.17139053545179506,0.015728368177942494,-0.05720598344991166,-0.06980824095234711,-0.1776125238890429,0.0050342362625058505,0.0396928632576971,0.0972871442347894,0.045871378237121146,-0.08211161774780491,-0.017647333179144215,-0.2174266925184958,0.12481188562406546,-0.16703455718242569,0.03405722053649839,0.05370954626833406,0.08212455191198391,0.010185303875995004,0.1826122118634138,-0.0857918950853271
-0.02257068489911886,-0.167755150602591,-0.14336058152055253,-0.12686889056414882,-0.263953355174899,-0.16471953800284855,-0.07937228142951969,-0.15990790909033012,0.015593422985407019,-0.17584752375814344,0.08390789487303486,0.11764496918361575,-0.2157025793876894,-0.08092901455323057,-0.11039322876550836,-0.13156069971352133,-0.036277267076702875,-0.04610953827735338,-0.028569347357769066,0.19114177999921395,-0.09499291883845735,0.003655264368507008,-0.1720034352306235,-0.28954024601905665
0.13267650567319905,-0.028895808843707793,0.012356113731138879,-0.020463151291884543,0.10160014876596582,-0.24788456347171228,0.056738043285622486,0.0765588097238764,-0.08141771068259615,-0.13090989400971068,-0.07911914521641972,-0.16691404039095323,0.04501173557656839,-0.21556988162585783,-0.09224659948091384,0.11400305385772419,0.15807969843697617,-0.03709933492350042,0.06946170309473543,-0.13686228323449373,0.0632516600177787,-0.004460416193350597,-0.168130674389786,-0.21725380789801343
-0.13248748277493946,0.10245082808735323,-0.10340563831164713,-0.10467218690023473,-0.18756745033574534,0.0631346992998575,0.15085049549031138,-0.04874428146467325,-0.08985708405395253,-0.229622835102023,0.09156470590871144,0.17161548692114834,0.19390564682906397,-0.09689267304117351,0.2349239132657555,0.17832151165415852,0.061273837481398884,-0.02560290916670044,0.013786446654331451,-0.07876900085868545,0.08971854516775594,0.029699169908673155,0.07652236621334355,-0.009630202808430145
0.021645415654441665,0.09351281015245806,0.17644629907587098,-0.1859258891891773,-0.025788690441253564,0.09582694860372883,0.059174770697906255,0.1532023116378933,0.103253136959768,-0.15529169747800636,-0.06530204067022048,0.10740102617072204,0.0906344475203185,0.09638694864209224,-0.08763536610744717,-0.06753190781445981,0.10486537373082087,0.014766281929623006,-0.11475731207071278,-0.11123144060695901,0.15967622956519398,0.09614772993650282,0.04071398319713854,-0.16348440415550736
0.05400612444749397,0.06472442626838425,0.05619697710146646,0.053004945329177586,0.011957063053884246,0.1447546307173579,0.0636731945681972,-0.13831306432528653,-0.11100694360574076,0.1740701414635158,-0.17772267720548293,0.059467608613880105,0.06415868662052414,-0.10757083594237925,0.021231243241273196,-0.06429688172665393,0.17667594327871022,0.14191441642938782,-0.0341208386135729,0.19258809548101077,0.06354663272260618,0.04443329353516068,-0.05141438409799132,-0.047092657102787455
-0.10376249573190952,-0.262417674793359,-0.012749038082104116,0.08087344170144624,-0.12304973880829395,-0.1269515167330966,0.21152247483964481,-0.3039411271009704,-0.1328855480712161,0.08515700224506378,0.039519642713604114,0.08035400552201598,-0.08082500943726853,-0.15464398944378496,-0.19471623188691348,0.10377178604270339,0.12474343754796569,0.1993717295499689,-0.1727043295720791,-0.044252845564630015,-0.16139045451992878,0.017513441512323414,0.010017431469873673,0.1788109099207144
-0.03214572680676077,0.04500018294026961,0.059248988755683345,0.09487826143724047,0.19648523130038661,-0.020987275820286942,-0.18174865889665034,0.027563964361788602,0.07387961987213987,0.14224842033611404,-0.2215025937088624,-0.13298624709402962,-0.019286956456234943,0.25258830475161026,0.09890862235587686,0.2435572079058115,-0.11922166038526585,0.01887831540395072,-0.02772760499458374,0.06722504820989673,-0.02124799390886402,-0.05101860147495874,-0.1419814514311191,-0.014101068934354847
-0.014605523697603024,0.0040679368073122555,-0.11348803802042494,0.10628088966907946,-0.05554216339463708,0.013182749570244179,-0.009358183052781471,0.21110147587500738,0.10113794145485502,0.29081141208188566,-0.26669790473178995,0.005920671177981008,0.07517472598014732,0.09413470192101256,0.05254105587913089,-0.14195554767536483,0.01900672322695002,-0.042783437048939325,0.04960520068873582,0.009374318599380396,-0.23802947983472927,0.08660406204624642,0.040168239366344075,-0.2717992854530927
0.07575564419735176,-0.07797558041802,-0.0013099762969733522,-0.026319967537379224,0.04007143468791844,0.035304918290549915,-0.17977354092022327,0.1259521410748699,0.09470922697933237,-0.04623238806175217,0.12367355359232571,0.02202272818646785,0.20894596766085013,0.08448917398658827,-0.03402778046050946,-0.07034003553718612,0.18111056422591668,-0.07333651148512615,-0.10496756200729726,0.0015325444464999816,-0.14558042227287116,0.08676351660885849,0.0851945504822361,-0.00793278652742192
0.04194540321640652,-0.008238654739190623,-0.10809953503831393,-0.04149640242102456,0.1436384709296379,0.06643716912439264,0.02122527433581969,-0.10485465531029742,-0.15984478301254282,0.06359306440055451,-0.03452506051232629,-0.08658730208114791,-0.26506446410184153,0.14617603105528476,0.150786568462498,0.03849550821605427,-0.045873800693889584,0.047568159106093355,0.0929874309009921,0.08687262152959929,-0.09323762047060065,-0.010917461739997957,-0.1414075834006526,0.2707540337049992
-0.1209436653792166,-0.06887731174427578,-0.20797678087972035,-0.1320189099909415,0.05660718648207556,-0.0571753118712945,-0.020524804438132736,0.07479364070735847,-0.15024966052430755,0.12341414593734636,0.04298518260684539,-0.11272074337255579,-0.10537204515222812,-0.15083035388444851,0.025193799221953445,0.004420839505421387,0.1164173913353085,0.03738169043835745,0.04501608508017858,0.2009892829982958,0.13927260512161047,-0.021559367745060475,0.2050433384233972,0.12261981893500319
-0.1325488538297145,0.031033082424141687,-0.06748117294622843,0.12848072253772133,-0.14254005012747617,-0.03146705008796293,0.13164977366689554,0.07452318768869721,-0.102620432750132,0.14921893193414845,0.0496414731873104,-0.20872132778682853,0.187512459893657,-0.025228469734359344,0.1773727450713,-0.03947029844893304,-0.022636630144240093,-0.03203583704360401,0.22814862346988252,0.12686129223017695,0.018369253304089627,-0.0529867828618231,-0.13545252606593103,-0.18312254874226547
0.15549847478668327,0.16059613067204168,-0.09886911028107494,0.1480016328512613,0.051683273889431953,0.05195490558002276,0.10889463425217401,0.043108044181099585,0.12287407557619198,-0.15553221786538318,-0.0740046299366831,0.12416447635615119,-0.029795838474918596,0.03237053354844307,0.07525413467644096,0.03030957948042655,-0.16077162888814567,-0.014110551396251784,0.10565456906702694,0.1260948837142932,-0.15488865842371174,0.05079480084976959,-0.25755241597655487,0.09580902463773439
-0.024431344542025838,0.2737621006880079,0.18996543512646108,-0.028278867252254897,0.2925334929995863,-0.09604411244997706,0.015820013727222602,-0.3437252629811409,0.025004701758136856,-0.043055044699459616,0.1941414694889924,0.15781622200170406,0.06228621685340114,0.15191003778010442,0.11262883717397713,-0.07907269660555752,0.05267895784749388,0.06293831531512915,0.04788743350096041,-0.1356217700205211,-0.06143544015987187,0.05147990283424356,-0.12640563327318824,0.1464663771542577
-0.05809651740255619,0.006131683201372647,0.1621187364922205,-0.04198775100525574,-0.13646104057403646,0.11376021970958002,0.02032956055115476,-0.04057131701727629,-0.03892410672265067,0.034877511076782684,-0.29663997638702005,0.02680602882709979,0.028563439765313905,-0.1909228708242307,0.15744379888556587,0.023990956277751392,-0.11803610361407546,0.03875619875751146,-0.1704045370390815,0.003081691131526752,-0.09514959011346369,-0.00902388170609635,-0.09607397360503667,0.18018784886555833
-0.15064884303697232,0.11173405311995122,0.009574753975184697,0.16690189611950915,0.02118500554021025,0.008012397589493313,-0.09246497081734398,-0.019350941226164906,-0.06152591834644728,0.10942825220359122,0.03696262288700928,0.1559796414692818,-0.009038261385391292,0.17096878217735034,0.12112569109044394,-0.007701879432547835,-0.00943815463430635,-0.026728086461121407,-0.02291736446208198,-0.026618307268382477,-0.05466051601662009,0.038604409329089734,-0.0643321966262883,-0.11378096229507102
0.1765241843186089,0.08154909705370236,0.044280381430881574,-0.21611047725352062,0.02894493548851527,0.0658508452454883,0.1827208031273528,0.022864275718426634,-0.05077558803857374,-0.009506197294292681,0.06453656736113314,0.17755384514574582,0.15312558961877956,-0.026884523966270484,-0.1380424772969182,0.10250745519536285,0.026193909051304705,0.1452647347463434,-0.09444237772618311,0.27563024863150754,0.020131740755058143,-0.05515066050623488,0.12318211965346039,0.09756101448305894
-0.05718527023620013,0.17453397947832236,-0.11827085070339968,0.044360279688325475,0.15740551084663146,0.06505229817302281,0.06872623073603382,-0.011438917370543127,0.05886970938633041,-0.05682859973682014,-0.14693242349721028,-0.07207149113067421,-0.06311992240009322,0.1338330412222419,-0.02093842502079179,0.012773494674619487,0.07833031419551009,-0.04281629329162098,0.30140411987682975,0.002006647178603278,-0.091997419509537,0.13477179809366024,0.10878933842140573,0.11986101280697845
0.06279985899264616,0.018592806490434013,0.04595255404377823,-0.14114495517598313,0.02183250900449863,-0.1345401687545048,0.09816637307452457,-0.11931141412639457,-0.12427096843950815,-0.020138857233616067,0.06230166702314151,-0.05734201188973558,-0.05610794645180745,0.0691731502345101,-0.07092874561900768,0.060953526042037354,0.21441105993633147,-0.006291910469566004,0.1225394595642763,0.022664306513438762,-0.018068798414517334,-0.0930399052700607,-0.016283228038638006,-0.07277745684548541
-0.08394729985736754,-0.08491451126665928,-0.22133168311786142,0.0027282525552715913,0.06791145900740882,-0.07399757009229742,0.17674222280794363,0.07510126405546903,0.14548607345704984,-0.024198166392629956,0.01769670517330216,-0.13847974092214158,0.17573324815759492,-0.05344477274323957,-0.12329097677173233,0.025729058294827307,0.11120654267812938,0.24555238883742064,-0.06072784930178175,-0.09127722380747721,-0.10809746269961193,0.00326975315472392,-0.26535794178558075,0.0366559353396812
-0.009786749630833185,-0.10301900916233112,-0.0606192342841195,0.14707534420059307,-0.08083075530717931,-0.12577654507805164,-0.2303599250058268,-0.08695918714930168,-0.12246509681316589,-0.12584908511100174,-0.014041005757723756,-0.11719246157593548,-0.004281750732704885,0.17552102008542364,-0.24807666147182866,0.0792806395159898,-0.05429122931661453,0.20101972872980806,0.0588370229612851,-0.04589284777612735,0.08058651377232703,-0.012752328842477052,0.21509194092534895,-0.023325152683918885
-0.17808278041994638,-0.09215019741990596,-0.029118516132441218,0.03872380729555248,0.0672912689371451,0.1508903948331077,0.359885869907247,-0.2257375165312794,0.011605752653884934,0.1622085655559068,-0.12508234739730958,0.13758145184359413,0.07050021739879246,0.15455943555760998,0.08296873929520311,-0.028683688946669225,0.09828180898759863,-0.09046017919766418,0.25512404362899055,-0.06724527682992791,-0.0810893689438559,-0.12875256650588693,0.11378551552123288,0.08375658324055625
-0.0640403307648251,0.003220224550776235,-0.09642552810288178,0.04346629863262438,-0.039682672197020326,0.13720180026194329,-0.1357122587980354,-0.11355152512958301,0.043893955654950544,-0.06722099062982452,-0.1449422413997261,0.0025905592244916255,-0.0350672776781647,0.012372706713639178,-0.1336260282195225,-0.13295273091712642,0.15869907168534234,-0.13827141703567805,0.17409724073877655,0.18539836168468302,-0.005150967446931292,0.038214490744824726,-0.0441882211058446,-0.32263851696143614
0.18073966688890797,0.14373536396439723,-0.060952488004166375,-0.03494913981856413,-0.04146185267159982,0.10349180106237146,-0.15225454014316148,0.16552830674134664,-0.11990121542348536,-0.16884946075270377,0.1548356939785724,0.07055134906812907,0.013977152749027513,0.026935886934965833,-0.003869086386366748,-0.09901191914881657,0.33815585745190907,-0.16000898831749505,-0.16686779311479727,-0.027532087585079384,-0.09284194280738184,0.09617987085747003,0.06911100986471569,-0.06713362075475572
0.04131792492710074,-0.10921955340876559,-0.04016386612203145,-0.10999264511333097,-0.1677333398299863,0.0013395820203429725,-0.13403403730230967,0.009917320107872456,0.06012373217400912,-0.030034364237235534,-0.06461998854978535,0.029821668760796966,0.011148619317553489,0.08261621948142611,0.11485204433734833,-0.017638160872859517,0.05607927484736472,0.046456956247622014,-0.15330528231908533,0.04380911013683693,-0.12898992884226027,-0.2756888182569877,0.007531331008186334,-0.18127518904326684
0.14729404919466582,-0.025054788508731007,-0.13111962059657312,0.015021592723828503,0.023104542663136492,0.07593989993099867,-0.25589480064010434,0.18741888727555456,-0.02372427433587533,-0.07557929525365555,0.12759843633909415,-0.1611824472323258,0.00654675601482965,0.042226306534492546,0.011564969141040129,0.025865736546131925,-0.05312255957138569,-0.09091367772565151,-0.07113092416330319,0.13034800021404183,-0.012680097297371688,-0.10349761388331659,0.25817374583970687,-0.06471131252237448
0.13754182785025745,-0.053396455837665446,-0.0192602988735912,0.017871044826014176,0.019962896130107013,0.13484834362980722,0.11586415655961997,-0.041261568880824134,0.004628368717169415,-0.08468623924709744,0.2560714637646171,-0.12560463745026368,0.011435371530720894,0.0724152393602367,-0.16379795296294297,-0.03104846676890505,0.06500966694043402,0.1762705161547494,-0.0250628530055323,-0.03523792874702273,0.007114796036197504,-0.012936672893232654,0.10232371543324044,0.06295574126715439
-0.11738817591075741,0.09584301454590528,-0.012934496637769185,0.006932828885062412,0.04819929424008395,-0.07335106861169714,-0.017588183237318266,-0.1055984074369327,0.21128987009237948,-0.0016433795230449285,0.010275306756413515,0.1946211376459535,-0.10832500849047684,-0.1510930582951126,-0.016521877399665614,0.013016448089675258,0.13437399891976667,-0.09512882323070568,0.05384273384828406,-0.03690430473667744,-0.29808415429083346,-0.005245734944011937,0.10675672852257588,-0.04634727828686225
0.02206613646229016,-0.03733092895752812,0.016720166621930956,0.06463483779518206,-0.1217724089775829,-0.03278329138369878,-0.053486528171326625,0.013208397999687638,0.06269277462745951,0.05640207798048588,0.16372678499778134,0.02507738064432142,-0.04438435435894024,0.011969627872472861,0.07977653031726992,-0.10767307381608525,0.18427825543342355,0.005296545351963585,-0.19608496782331752,-0.11805532507856581,-0.0033839264464483165,-0.2147035202186743,-0.004719032941901752,0.021967620607790377
0.18990841140063394,-0.12199125718552885,0.05488133612447162,0.011149356448085493,0.014557637400660746,0.15559790634299803,0.028946483201788064,-0.09522846528200231,0.06746270035756141,0.09580495886746224,0.1379008363415738,0.09098001131043292,0.02082629441994661,0.13759705825795351,0.028474226180566796,0.07466812505020111,-0.029346273226991865,-0.2335860940446689,0.07025888005407448,0.1126290776423189,0.23827727309768695,-0.07536766258728057,0.1352273416790974,0.06262586434037294
0.05947870702683696,0.022645877240773122,0.02111661665271209,0.016480372509592195,0.1853196105969346,-0.22336249105821698,0.019195741765999298,-0.20104182277742244,0.009529294290639718,-0.17606409033168816,-0.0809772944466078,-0.07284800709986496,-0.10774321335348605,-0.11575323869324287,0.08381100935122199,0.02383466154827758,-0.014986164102245151,-0.07499870174715588,-0.1312108711179681,-0.08036273311201624,0.07731680170919857,0.26722359901733067,0.15904001571186624,-0.0909978271687967
-0.10789360906015852,0.006088862604187729,0.0980086460666159,0.13403617743538557,0.29113432949626683,0.2978175508664057,0.14735415524916923,-0.012496892339351128,-0.08786355957472379,0.16391884641992704,-0.0992750697396756,-0.13223903599042766,-0.04780190623120943,0.03709071593541703,-0.08467188799441581,-0.013419186030811337,-0.0426795135324041,0.33581269032286676,-0.06021519485977703,-0.03490296060937422,-0.05553164228505692,-0.23743330719975994,0.3672451367339651,-0.1799398997599977
0.02112613421998413,-0.11921706145327059,0.07496051841427037,0.05991425146604188,-0.07852507879508241,-0.06949533126908634,-0.007026464790425353,0.11169155326648572,-0.18151937697806567,-0.009221773999970798,-0.001578313172744378,0.00016750133043169513,-0.27281510324211344,0.2165393385658841,0.09794640080385894,0.07990672373081123,0.06498152488650018,0.17408909109783793,-0.2303197114931781,-0.05587447662911596,0.1399615386023655,-0.06438741087074955,-0.012461034215217857,-0.13751824331579168
0.15672815937220536,0.018562255212867244,-0.13199257144142992,0.06145507306944152,0.06275477098267046,0.090058328533368,-0.07035493343722347,0.04371363480166908,-0.06387008914049207,0.03962129341774372,-0.1357053577018296,-0.11905467882073804,-0.18822435921060438,0.1991488373974468,-0.16973012281201696,-0.07801686162485315,-0.15845338775833728,-0.08216942203802584,-0.18219587641505144,-0.042184562565406016,0.08424704238792041,0.0024435056696508876,0.15109854137383325,0.11217788834445867
-0.1117699629675124,-0.009517516811736886,-0.17136465845544607,0.004662997220955215,-0.016240444051028917,-0.10075527685900763,0.24454210767708146,-0.08797521832933942,-0.003974121473467752,0.08182441286003508,0.005966523350633547,0.09389078723512051,0.02514776880159056,-0.03785177421504346,-0.13127813199141966,0.03388771084838778,-0.09438335651633431,-0.09472301208670346,0.06637387666367303,0.03960241342626188,-0.04686903567205937,-0.12882117854440728,-0.04872990087776817,0.09205144351642969
-0.08892904325924388,0.08898698198465031,0.202911046636685,-0.2192504605047258,-0.011451217732119425,-0.0897612029562131,0.16644286549948406,-0.06247340336050584,0.10773784320310234,-0.04091356896269109,-0.09458833787119118,-0.06735842374030131,-0.17861144068540977,0.07350509949405899,-0.10559432735265946,0.03438872121600394,0.16363917228954897,-0.20661573395062496,-0.10112720143221383,0.09872053372518963,0.08983354812523252,0.06940384196356528,-0.09799720520171772,0.11292790268098342
0.0653774219123072,-0.027417064564924112,0.013373430648757107,-0.04337057590145244,0.2967244567944407,-0.020694759641014,-0.0542542619190587,0.027412562905566686,-0.10638039973401775,-0.1827230177712338,-0.08452446178551952,0.1438768482071103,0.010997699871922917,-0.1949130855331566,-0.0697106062611158,-0.08741325679152942,0.22327678673678739,-0.017684163867176795,0.006070956065689519,0.10267709686173701,-0.050413064932282876,0.15256240434864735,0.059860159982736236,0.04251016746316433
-0.07191477955961677,-0.08731111811348531,0.017554075454925003,-0.011276917569466064,0.024008177715947234,-0.017013938094701912,-0.0673350436856648,0.07487700329091519,-0.09789561920935032,-0.16988637768244302,-0.02672688629440231,-0.010037184565278046,-0.05880897674783412,0.06133952645376614,-0.10700003874873212,0.04315718390047149,0.059362089148986136,0.024018731279234744,-0.04442058605923635,-0.05405151170011187,0.06526765579949276,-0.07007993615196528,-0.12827647592519922,-0.010609609824415266
-0.07920753605039958,0.282080438888774,-0.045487795102611306,-0.04541618630103886,0.04002387236547173,0.12040921103009272,-0.21214602189754017,0.007665815556007008,-0.09717382114617223,0.12534843031479145,0.044528857909421855,-0.030824407581465166,-0.2416948639164751,0.06167958864218379,0.011135589951968734,-0.16466462454954298,-0.17651620990697853,-0.10628304296537308,-0.21412661410323336,-0.038272851564508506,-0.06845104810244279,0.21353446622922576,0.13471694231698397,-0.022761552454097497
-0.003346826614074014,-0.02148952438999777,-0.11970532120063003,-0.0072968705326654035,-0.1348678630239629,-0.19846918059059973,0.08836666252991085,-0.061374364087530116,0.07958483694266416,-0.17897662560977076,-0.18599963076732898,-0.19963346888431424,0.10544030907730723,0.05716776979251629,0.15037899844194902,-0.0920505727623231,0.036571631352773575,0.08290020904421826,-0.10468018744073425,-0.08655296699260416,-0.035152349449858095,0.020654755410141258,0.09000447765793457,-0.0830661115832083
0.0049251804872761165,0.004514311683874172,0.11877233993730689,0.13418473251115964,0.03413771005797338,-0.229575552405847,-0.18917978622376033,0.04019664466961437,-0.013224217238208175,0.07499054100946978,0.09930766835011767,-0.0714710026363912,0.056173893391361626,0.046301961958328565,-0.033574133394998235,-0.02149967337185381,-0.15174046232723004,0.10412822223874264,0.1097798464741451,-0.04441771418584078,0.08468752018377727,0.06723179810142837,-0.20943283345855002,-0.0772722343066084
-0.04694211294725165,-0.05572760692137588,-0.004714371837367814,0.10953197361673582,-0.041558178299749705,-0.03904927937128819,-0.28594927482757493,-0.052498677709705656,0.02659315861598146,-0.09660595912817814,-0.0021762868275772814,-0.2171537283682026,0.11982107374292418,-0.21259335538605095,-0.15964166690177245,0.041351462103379914,-0.010904802867560773,-0.16725747750495024,-0.03971610300304166,0.11346768934816022,-0.018819802485181277,-0.09865874858872764,-0.008202880965580112,-0.04596488373489897
0.028828386107002658,0.05153380441463043,-0.0390636084336013,0.2557781639243379,-0.1377530254213115,-0.13864389777358704,0.11269261392354007,-0.2973867814442979,-0.2695475022508899,0.08593072285310581,-0.05600927308526545,-0.20538920865146387,-0.1265167727076811,-0.11348043907131652,-0.062277737731528275,0.11092689169411869,-0.016221584148174754,0.14503060590727754,-0.10759285859814546,0.19519334379274556,0.04917596049621167,-0.17776375725773302,-0.12664403049883635,0.06982515307357755
0.17564204763660937,0.05409024573734073,-0.11400917444421792,0.1596567623303148,-0.1474603348341506,0.10816914460340388,0.25601295390950707,-0.025698659028799406,-0.16334815821568338,-0.09463904877094055,0.06779539821264984,0.03826972589333558,0.04124771589497515,-0.002558364207768443,0.04798456415861436,-0.0983837526726238,-0.08206657854490204,0.06453515778020108,-0.11493715506092031,0.14359800216541335,0.08899008559858822,-0.04305961495920374,-0.10942930031141244,0.04648814362980995
0.013503942367972513,0.1160578247374833,-0.023417957001208474,-0.11628903914285824,-0.044802680891997335,-0.07136384964375614,-0.028158323794198515,-0.031684920314148525,-0.08596529082210391,0.08358452798067668,-0.011604186020690846,-0.13050438482974952,0.1285693558886961,0.054748532713565994,0.0009503531995578677,-0.014349731355047302,-0.1501943835006625,0.061789581876684666,-0.22536062075951468,0.08577356195791144,-0.11316489144651083,-0.04995451237626856,-0.14419566322891408,0.10753787230035293
0.04670813348028493,-0.06903851837834175,0.03565100389084619,0.1292611661458595,-0.19981014961163054,0.0822722912996156,-0.1177162313360476,-0.06999396662559604,-0.23299549682141113,-0.0949622016928786,0.06584294785734884,0.19827664698939934,-0.07646658780134431,-0.07396050356020642,0.016386009899428573,-0.008583511096662017,0.11397151728447154,-0.13659671477396657,-0.1605443602458328,0.04865185842379139,-0.04961635250373398,-0.11539690274498106,0.0599245492934589,0.020248885866159305
-0.15782569670454852,0.20128916830671734,-0.013049993101190954,-0.07505009286321158,-0.11824307287196356,0.18426631636160407,-0.12685991319340917,0.0826994407580857,0.07768742242407481,-0.29446698455894127,0.03948777829081775,0.005255674478844474,-0.0745191326784373,-0.1993812009064235,-0.005090798490846267,-0.07527854557469814,0.10717661484415389,-0.004491009685672617,-0.10974961754073181,-0.034929017716332465,0.15287406830613698,-0.1240720636851971,0.1100919998404821,0.11669349982647116
0.18578306680049736,-0.11219493689656165,-0.12110802024678352,-0.1571722575751616,0.05703022809066906,0.04672929148503318,-0.06494892010710737,-0.04699735706923781,0.018412308030578334,0.2284460167049238,-0.01074937998067709,0.07452702425129827,0.17288951662808077,-0.07118668890058527,-0.18201760168605563,-0.03535846190450985,-0.017442548201203802,-0.08774144214747938,-0.23832642045300195,0.0045101641536721224,0.004803531854002729,0.14532638684882931,-0.0060391830035915715,0.1487520052727347
0.20908946922125465,-0.11589901038398988,-0.007966026290309503,0.0856207473321963,-0.002992414541844686,-0.13887403352443822,-0.022568863179185508,0.1156111617981944,-0.16215538391128012,0.11025843980360285,0.061203420167163916,-0.030687923751456517,0.026073802580408405,0.01677988176591744,-0.025927132441606094,0.09806406833058093,0.008624599320463826,0.002901901729147644,0.11327878751675374,-0.128201727694876,0.04337282341808679,0.24014883173481083,0.010888046199691456,0.05038523791933476
0.15001760847937132,0.09616946917275401,-0.05082579674667668,0.009802017169374084,-0.014455350734706225,0.1327807260207267,-0.21586220168814427,0.09527157537550723,-0.02955367060609911,0.03054012950709459,0.06823150538250235,-0.08315621339438536,-0.06415854336339698,0.1591466549608778,-0.00679305369069672,-0.10997554276564384,0.33431396731673746,-0.046683351329811044,0.06622973020813239,0.07924962012230997,-0.1598238780271628,0.002268155195756015,0.07665056372983477,0.08064633758228883
-0.10798210079708125,-0.020860644160878763,-0.07637053453844588,-0.020528357916471483,-0.10822644625150671,-0.10621764043097544,0.017207971288597843,0.13479356583465885,-0.2021868796856716,-0.09660924661777247,-0.026108294165862477,0.0904851442515898,-0.09382324151860585,-0.030684080032453136,-0.06990304954100791,0.09624505037370348,-0.029235703791907174,0.050062594110425226,0.08611090485506942,0.2076698052181046,0.012390922664200759,-0.08473763124095705,0.11355923063996406,0.08805077732444092
0.07302422345508068,-0.07358498457386436,-0.08812407385898627,-0.18189749507276526,0.11698067716439263,-0.07112354163759317,0.04051497046467117,-0.01996279858488307,-0.14776218861331078,-0.06357564745628355,-0.0745084852996714,0.28573794963620186,0.018086451602613393,0.15806209694621814,-0.14964673997512642,-0.02679121136631101,-0.2888927899774686,-0.2862430016303365,0.037307451118504094,-0.06962848106725732,-0.027990440861810382,0.12210604818268075,-0.013902015515709465,0.20094033710600295
0.010714184788802848,0.13637372784935703,0.23739278958969076,0.09123571741418923,-0.09211817702018803,-0.07404405704013164,0.05852134822001708,0.1514290816530799,-0.11291890664091632,-0.21181346011243732,0.2140416285472535,0.04237775430882734,-0.020904712933670373,-0.08626994821215252,0.033801651733648186,0.0728434015933895,0.01237908049276303,0.01295151511331451,0.022354308856605727,0.0006080765750634399,0.02958884699347953,0.21255600300432737,0.060431668277202956,-0.18017295249124213
-0.2526745915025562,0.11157654828920487,0.07527591809281321,-0.004868721729021572,0.20110232307699422,0.025128877032196892,-0.018232551238639802,-0.14169334016842774,0.03896415085307947,0.007835465856771038,-0.06911953634697525,-0.09068233161237453,-0.06034003814580672,-0.27807029852739806,0.02367462588425326,0.012490714015867056,0.056963423772466194,0.01615902265366079,0.08250107644545493,-0.10658124603121516,0.14469381751990376,-0.06793735330317012,0.09214519406760445,-0.17741012650080687
0.023576490868800214,-0.014846475649957305,-0.056075405425498326,-0.04477191741727539,-0.08127822787225786,0.016335358122255894,-0.1337880954562306,0.14562177079449384,-0.010144258363687765,0.05070805835316853,0.024867802815676923,-0.041033607838678654,-0.05818567250683951,0.06613524096865961,0.060519725312157026,0.00723178350938267,-0.009699965545839464,-0.04805533262115787,0.018291185479759095,0.08412190372772488,-0.005398131074934972,0.17749238299974704,0.023733822402574455,-0.024892966868480745
0.1410219897376868,-0.06298722396019445,0.06622147121963905,-0.12046423955442842,0.169030499363249,-0.07986815708595649,0.05214130089241178,-0.1451481522289681,-0.04089026027690889,0.02295070512925391,-0.04518409510189191,0.03444511593852658,-0.03719589301194034,-0.06706683518166734,-0.11345101225855224,-0.15907997630865708,-0.026207898287392478,-0.11285458703125921,-0.006517963156924635,0.011082042125050949,-0.11304051889641684,-0.08221169659997535,-0.04391011309603545,0.13779465665150123
0.1370010783467014,0.06332774345856734,-0.0985801445518575,-0.19810882569335447,-0.00017642773165154986,-0.05312641239232729,0.13076544918970526,0.06146721877395206,-0.03915563431302268,0.04859727656161905,0.0526108564426842,-0.07577517339111144,0.00655837598549022,0.06990897481760285,0.12035969341035561,-0.12603326757960223,0.17812070702355107,-0.2101188411849446,-0.11861530518451573,0.054023835515133845,0.15716523577602998,0.16508170991763974,0.023296261449557116,-0.043401175997574905
0.000618803692235886,0.1327368420139381,0.0030366473948097907,-0.14611274160290777,-0.0873485251194882,0.2282599475711999,0.06844700718008732,-0.10130015482882454,0.12315629765841177,-0.07347825396969514,0.3715057494522733,-0.09644958361876946,0.03794546560448853,0.045598268118202785,-0.04523630945879001,-0.1016203887641501,0.12300288854808251,-0.01088009756483435,-0.1291712577146458,-0.03000832778039424,0.2406879086349585,-0.10885717956702091,-0.10711903315700394,-0.00596205888874921
0.03048996744515938,0.2083934869774654,0.0011974589540857574,-0.06156206168830194,-0.1903910034363302,-0.10785664590994777,-0.17460174434558942,0.11708421167896674,0.06960891945272121,-0.010737149047465528,0.10687991165680015,-0.010115186538537418,0.06638482164518364,0.004205395119903526,-0.056421257097816306,0.06632538703988301,0.11846467255756009,0.01323931032357937,-0.2142261137439956,0.0944529943146662,-0.009471740334519248,-0.12402347618855616,0.07326885844001317,-0.029537539987511803
-0.1536977282215223,-0.02960952019607787,0.031450244849581165,-0.16892379145240735,-0.016768233061456358,-0.2104532606219953,0.07796799691091028,0.05544060478065578,0.016156314033664177,0.05317832376006065,-0.009111441567861226,0.08606221474754995,-0.24754370466946218,-0.020724250071197953,-0.06163897113110751,0.21867495813297286,0.042276425388327245,0.16897160716422582,-0.007046819181414075,-0.21999769453582363,0.08695979368833165,-0.0035884904219838296,-0.17190253695396626,-0.02168301839143105
0.08026218113069773,0.07911719523678729,0.218942651651187,0.020180740632984355,-0.07753361444905878,0.07349351822128883,0.2166314878299337,-0.2543516182535265,0.060610947153941795,0.16297730109766384,-0.022328762110192895,0.01631564003240407,0.07113866688101092,-0.3121094493682414,0.06963718856741027,0.10539483489341188,-0.11882048797928497,-0.2083273000279076,0.04685730347177141,0.13277759154082144,0.009351342481040316,0.0979657335248796,-0.0610946069707897,-0.11146662864501322
-0.04316716405914071,0.13303853069667523,0.10669392865659025,0.09250487832027808,0.14742676912562305,-0.10540454800299277,-0.15266027652592598,0.179905946848331,-0.12732780237030591,0.001619870364917529,-0.06708403866108548,0.10134874464720452,-0.05993177646403466,-0.23716637335865942,-0.03204420699396299,0.12189191794395687,0.07945418199729887,0.002016968994497202,0.10486053550296574,0.10868179619242266,-0.06847679417182231,-0.07032725356004363,0.19220800336529403,-0.0790902091368523
0.142772572176366,-0.12675633464552052,-0.011081267343282769,-0.022673149631242923,-0.11424234974392501,0.05352118877491218,0.009419411526645742,-0.10760395293613147,0.050250994426721526,0.2334231167980822,0.17393781560230206,0.08564485159226874,0.13005072385846733,0.17396679852441269,-0.1431600207016781,0.17058409089592513,0.20947733959724216,0.06644803957113112,0.09428513325757698,-0.08387893016129119,0.03342586779916533,-0.2234027754921045,-0.10816041417195917,0.06402123576301673
0.11004876464070228,-0.09612479733730966,-0.004034178782403302,0.1150309233417051,0.29729511945939135,0.07251870563115868,-0.01910199877285028,0.11422249953947536,-0.18039361802917067,0.0104461602735237,0.019649504740751562,0.1438658013509031,-0.062259613136242065,0.12238502543504928,0.04742162855301478,0.11878810352325869,-0.051318507693579235,0.11263680618136236,-0.15522275851537287,-0.016949958198141574,-0.04902662011975098,-0.10875384213721163,-0.2732231301833944,-0.038696338540271026
-0.2916184864788359,0.03430836629250274,0.22616546982777141,0.009445487677601372,0.27327632398748347,-0.12415149068299808,-0.0685237819579877,0.11376165712912041,-0.07915632609105193,0.030060156267533018,0.06549965634459265,0.10500552991635212,-0.16711559349378366,0.13999842459159983,0.0007981926273963525,0.12211043485665804,0.16515722548261902,0.07270581273011256,-0.02894967756636361,0.08968516438673492,0.02800280569177851,-0.36737872631865176,0.02903842163509251,0.0268219164175022
-0.053669378893456486,-0.017351999690390606,-0.013085384605407304,-0.12130785244180861,0.18383917094492153,-0.18607718265689768,-0.060457003961328366,-0.04428643399369686,0.012975466619972934,0.0743634860848461,-0.08396609160624459,0.07755559330068214,-0.10965087134024173,0.30132620505503105,0.1438296525781516,-0.18441587484888697,0.07881274756550949,0.11954931983478481,0.059432356836747004,-0.09195534409767984,-0.05076507577548813,-0.07411445386498448,0.009935135265232965,0.027468164389662687
0.010906415793856587,0.07016204140407224,0.05627571906940178,-0.11313656512817497,0.01838338381610671,0.08388720371883052,0.13082562636029557,-0.13998894272904458,0.051155376100931196,0.16445796021196665,0.013519775997346004,0.10555964714204033,-0.11493385029360037,0.07321349210742509,0.055842649697095625,-0.07374003301405348,0.14174452186941897,-0.08653866517024493,-0.2626911325670898,0.024451539152192097,0.19732983646787658,-0.04749830159485412,-0.05099357951682238,-0.04109209355864127
-0.05240110431243833,0.0685668135027141,0.1694974749349391,0.008099750224468096,0.27560949282625496,-0.15917537199927423,0.13187233949899285,-0.0763626754061565,-0.030147539017693768,-0.1181925046882706,0.009977527899787743,0.27473176124901943,0.1868087691241863,-0.07053904576165893,0.14050847565379018,-0.02401502839678642,-0.03934192153156614,0.06489608555195302,0.0470661897638778,0.11127077655128371,-0.2168876577826813,0.20970554929186716,-0.005961215976303119,-0.13619144420570817
0.09243470188280513,-0.09746168126060975,-0.12226271929666897,-0.026462410109934238,-0.0637020843073315,0.13936141719786949,0.12843397954986258,0.016980246070358095,-0.1843259854098455,-0.05104880876369173,-0.1766098019945055,0.08728025115199219,0.10604976693610785,-0.17240269901840435,0.1721113996030898,0.036294075228177194,0.013175118583443057,-0.02244858014820804,-0.04424396196163409,0.01494878052579672,0.0859288617434914,0.15626859404630514,-0.1451266075739942,0.03154878754539146
-0.3204068592288106,0.050928771702079066,0.3210563049299251,0.03868812247373202,0.30475666002292184,0.2850101401962785,-0.06415008838858813,-0.02794127785797254,-0.07861388036512143,0.17282775006070972,-0.016197359256391874,-0.007813536088438001,0.15919087054373748,0.006717583259778272,-0.016965841362057733,-0.036820200060001994,-0.06909338220622667,-0.0679874663097752,0.007137653432180268,0.06424893659365988,-0.029382075656465972,-0.1799062507493455,-0.12218165159160041,-0.13169854418277363
-0.005124024947247218,-0.04905091105646945,-0.16237168696191337,-0.11000174000075508,-0.030455622218838147,0.11824751084965132,0.136703203431776,0.11062225524855943,0.05953708338083834,-0.03197373922251634,-0.11527183116871871,-0.01422081872075549,-0.18348418113985798,-0.006423060101178868,0.2133255180630309,0.1872920430959665,0.1264200097866436,0.1480585785743176,-0.11757357560716683,0.11536506602672278,-0.08169185144382717,0.011945906833541787,-0.0630583234698417,0.07571941344382717
0.11574619020515572,-0.011800077725625597,-0.08995371674483825,-0.10862601605359838,-0.11857253875991268,0.19316691631233082,-0.2711946572211545,-0.11215986107545929,0.15202938503808763,0.0013142866481880354,-0.02243180957610779,0.12949411348087925,0.06306982028342373,0.07037999451676254,0.0275515147378726,-0.02335041793915008,-0.03405941259048989,0.0739734673515407,-0.21887927058171025,-0.18159533519995405,0.01742061787741999,-0.05549357810324124,-0.13138912855670085,-0.17021079020390453
0.011467721819047547,-0.1391632231366224,-0.0007698907303883417,-0.17365886917431184,0.11536268911869137,-0.0008580492630732005,-0.14974402797799954,-0.17084389742869996,-0.15351064678325685,-0.002654301881073301,0.15785801350174172,0.06670741095104929,0.10850090394378911,-0.21642829698014365,0.05997769201062629,-0.08009381957476595,-0.04261091941445595,-0.16590044229178455,0.009660038168225424,-0.21962573535598826,0.01590027922648206,-0.059752040894089906,0.05558188924931732,-0.14097318509745851
0.03070726194087334,-0.18816249879412966,0.15960777350942507,-0.06013172400229512,-0.08890131250675179,0.19336483083718134,0.041944605638968326,-0.1542594638860872,0.11817741931041001,0.057244447894127755,0.03522011184083289,0.3205191478664356,-0.052162490858556766,-0.12058781441608112,0.0408571776611031,-0.04349408705027506,-0.03614607799677605,-0.01907826876930423,-0.024188049034946008,-0.09343812163646695,-0.046621710110564346,-0.11935356418692186,0.09649033504316848,0.020356745821221628
-0.1384846665468392,-0.057157168626160305,-0.1516457749441692,-0.11773037614010733,0.1874466574266508,0.013839173819065105,-0.09549037932654338,0.07152716169617389,-0.09806276337014792,0.2251927511488617,-0.03139379107771738,0.05341217008637744,0.26505615133305666,-0.057416515672218754,-0.1300210900867351,-0.2266567721225982,-0.1790835323675924,0.10413666721693418,-0.21762238806487474,0.06119769139390173,-0.05979499505633612,-0.003495727285252153,0.1330992063042976,0.19125837391447015
0.11387047836248616,-0.12390783175559614,0.010615758848598623,0.012212942912492886,-0.12815591496919132,-0.18116559301057822,0.1420313621239092,-0.2556206090712681,-0.20773983361228743,-0.13682178274506948,-0.03381168046112281,-0.04678110201815651,0.14834952514447047,0.051759771795437774,-0.22119935177976208,0.05007166355836131,-0.026509561914882122,-0.0399530746529265,-0.023478977192269945,0.024610815527681386,-0.061598515664375915,0.06469484141507269,0.011752951278246314,0.0017489285504019626
0.1350181653823012,0.21976112995803726,0.02536450526685672,-0.05398478110938699,0.08895993285662938,0.07145323843819577,0.06921635549220206,-0.07956790587755279,0.03657516841046041,-0.0133013039048335,0.02253125389975677,-0.06698619699784207,0.11233800159427808,0.0373283003639703,0.16136205885004903,0.054514611312472365,0.0843923709094748,-0.04203849225299292,-0.04926769150993656,-0.08315242779937988,-0.016555931486214478,0.07315225723737159,0.011806769028434772,-0.0005784994631257351
0.033555732731476114,-0.05462166982506985,0.02105386240912308,-0.1407899932992943,-0.015080986329784267,-0.3364523083655796,-0.08609990688838837,0.04783323235265747,-0.01514203134617706,-0.06178173532333083,-0.18249871274695878,-0.006720514617810632,0.006673365491673631,-0.2047145182996551,0.0701491967828849,-0.0656884258048963,0.12589175014671763,0.296799586081781,-0.007078951706528898,-0.03791574374875395,0.025200988192498074,0.05853885617858345,0.16640013721886013,0.03509108576169897
-0.07155776429176944,0.0642539622347132,-0.031018796246581312,-0.00464305534894559,0.05560609007679484,-0.13524578808660864,0.1876506135557092,-0.020819641779649792,0.020188977028026064,0.07132131253702685,-0.09555441087931837,0.08740397688078444,0.17020494588173174,0.06134485377507587,0.035619130048120604,-0.018616465234164593,0.04206030714865314,-0.10635488846321453,0.16861110305758234,-0.012655857067074587,0.12663275037193256,0.0313937552659987,0.1502302044003319,-0.06552612097048845
-0.08433654393001568,0.17692275736039112,-0.08517429753741595,-0.14107900876198648,0.22115984400830796,-0.00522604980401832,-0.026220020221390663,0.06241734077143619,-0.184667401506557,-0.15120683357870462,0.173882506643851,0.06670296432521793,0.18735758944155015,-0.06570315342953721,0.028537809320507736,-0.01964910361159717,-0.05499836629380188,-0.05686061949918999,0.03282211548032851,0.14186770734917387,-0.048429325173534855,0.1873276491208388,0.06234044264395712,-0.19154044849841179
0.08405734308383002,0.09521283120562189,-0.1756531284111544,-0.13511354377715457,0.03766419076771438,0.04546658299558702,-0.12396032363487408,0.10531454452422688,-0.02531131505403671,0.08357867539271677,-0.10500576325341925,-0.004648005506588158,-0.059918094643200415,0.1326952752407457,-0.06901236265576452,-0.031093330459074087,-0.02767525792437943,-0.18545475385566498,-0.03728332779535727,-0.056288874889940034,0.06655776286982017,-0.003126120205621845,0.006358704964928866,-0.016292284465151477
0.19799893597130191,-0.16790293421056682,0.21316071691510066,-0.12578414608334348,0.13161242897244166,0.03614318207268666,0.1813200111157715,-0.2656659071552332,-0.2931196322127204,0.17223791716428255,0.03098258908832328,-0.1832498857800633,0.08457984265414428,-0.01883432352463041,-0.11406454919882254,0.011764377341828234,0.05927347085749232,-0.09416666703471714,-0.18697572126934484,0.027475332472932497,-0.18900986994168828,-0.027805098702549005,0.1684318138390955,0.26466916181880323
-0.021411645233903983,0.022243302395770905,-0.06653399095831636,-0.18182464682771585,-0.041738621865226457,0.07768111292702677,0.10925121313920338,-0.05501448677849813,-0.004596058429164007,-0.05418148534934849,0.09640694134577943,0.02460259096342562,0.04868895130264013,-0.06741001342514019,0.08078793149848748,0.02326114727649272,-0.12073372146477533,-0.11056273728218158,0.0074876941460593,-0.2162339162038321,0.05444979166121011,-0.024854158329871607,-0.21851427595580267,-0.01777078753321983
-0.07869685497019513,0.03195701714278655,0.07814041693586352,0.10210030352610618,-0.13987689845217016,-0.2519388084403961,-0.09800737800814031,0.26754597161080823,0.02032958660405724,0.07539044180829128,-0.12656505020801898,0.04352602527709834,0.43601569389508066,0.03770017783430722,0.004624240437673772,0.010691760277131996,0.09535506937729557,-0.062360485532382576,0.04421425007695538,-0.0819745243214145,0.09153085664713255,-0.11394636179226805,0.08003161538698207,-0.08009455617763438
-0.1690603149146218,0.08296232863835161,-0.10453657096329755,-0.17299260782676917,-0.30422336131010624,-0.16864870591649547,0.0964154940558337,-0.1805848506833847,0.006265510020549526,0.003907782054382381,0.23220682527057623,0.030374492666498398,-0.046571694943613295,-0.12352369047255919,0.12346404825581012,-0.21867267448428687,-0.01071471028475601,0.08782681027938996,-0.05513570135843916,0.01820121449024436,0.07264533980248317,0.1577091867189718,0.14195742582589455,0.20185876268956138
-0.0789837642416921,0.031319831393626825,-0.1946649959820544,-0.2180463480290067,0.09106545627578669,0.17756617345126594,0.17290753552101015,0.02799006061042146,-0.0041790350074213094,0.02472737701941176,0.31309457674534075,0.09853891104878806,0.1637251461487122,0.11267746085818692,0.1975210074637447,0.12401591896389724,-0.05534069427083754,0.0186747546906957,-0.11615286771129388,0.07518749822116719,0.0758658917611135,0.03761859733531432,0.06336731584988162,0.1374209656960081
-0.006427993696747702,-0.003981763782941881,-0.019196606659207645,0.08169175581685752,-0.06751633516092367,-0.07629978339186727,0.10851264165860273,0.10818316449927107,0.3190744136372042,0.14617439822563716,0.1346804335600026,0.0017409154417856976,0.15791724009844563,0.025974923970585023,-0.07350967647636986,-0.12780988832398543,0.11746278608176856,0.004790412790810988,0.21678053410546022,-0.028338994955885842,-0.09678489004554615,0.0311782631609601,0.1539488422139568,-0.06276386128082417
0.08929673780596613,-0.14774077519132148,-0.11952702685419249,-0.014868314703879703,-0.14070862806386716,-0.04805122750025884,-0.14932738816516875,-0.04037948034571672,-0.07327983004533245,0.06950362435617137,0.04693294037326746,0.051756121879457904,-0.10648059606281148,0.015552703540378169,-0.08371994384900966,0.07686022049418638,-0.07398735645983053,-0.28962849728773377,0.039734027157819624,0.06232285129148592,0.014633613623332278,-0.05486254247870586,-0.12353935076616426,-0.02405726761921619
0.12441143939578166,-0.12351123530002531,0.08893186812078917,-0.0948430196762288,-0.03917676679595076,0.01416486410520499,-0.024917863703472144,0.0202045981058232,0.016425895613325893,0.19229162879143505,0.05418198641744062,0.15159027229158448,0.10888019506698758,-0.26227080450349577,0.13719063194515613,-0.20630459443901294,-0.06225529114494681,0.01344144175123142,-0.18861783377003297,-0.11396099812649359,0.0404445893579301,0.2234241680042043,0.22710116682708492,0.11903558828285894
